address,lat,lon
2233 BOSTON ROAD 10467,40.8585727,-73.8682664
3104 CRESCENT ST 11106,40.7656313,-73.9267555
3915 18TH AVE 11218,40.6325367,-73.9728246
3815 DYRE AVE 10466,40.8882821,-73.8314896
267 WEST   17 STREET 10011,40.7416179,-74.00068499999999
8013 MYRTLE AVENUE 11385,40.7031455,-73.86769029999999
158 9 AVENUE 10011,40.7443146,-74.0026298
372 LIVINGSTON STREET 11217,40.6872992,-73.9801861
722 AMSTERDAM AVENUE 10025,40.7936504,-73.9709963
13931 JAMAICA AVE 11435,40.7025526,-73.81195850000002
77 IRVING PLACE 10003,40.73690149999999,-73.98683660000002
1614 3 AVENUE 10128,40.7818647,-73.9521239
80 WEST   36 STREET 10018,40.7508705,-73.9866322
444 LENOX AVENUE 10037,40.8122279,-73.9417675
676 AMSTERDAM AVE 10025,40.792091,-73.972236
253271 SHERMAN AVENUE 10034,40.8650996,-73.9218805
524 NOSTRAND AVE 11216,40.680864,-73.949911
405 LEXINGTON AVENUE 10174,40.7517567,-73.975518
383 TROUTMAN ST 11237,40.7061425,-73.9235362
390 NEPTUNE AVENUE 11235,40.58034809999999,-73.9670038
2715 AVENUE U 11229,40.6003624,-73.9442367
1775 SOUTH AVENUE 10314,40.6000765,-74.1928099
750 11 AVENUE 10019,40.7675196,-73.99317239999999
237 WEST  105 STREET 10025,40.8005522,-73.9674607
9019 CORONA AVE 11373,40.7419743,-73.874594
3766 74 STREET 11372,40.7471124,-73.8916109
1349 EDWARD L GRANT HIGHWAY 10452,40.84014699999999,-73.921679
108 GREENWICH AVENUE 10011,40.73827989999999,-74.00192969999999
8253 BROADWAY 11373,40.7423216,-73.8812963
182 AVENUE B 10009,40.7277831,-73.9794446
42 BROADWAY 10004,40.7060744,-74.0128735
541B MYRTLE AVE 11205,40.69390569999999,-73.96282479999999
251 E 52ND ST 10022,40.7564318,-73.9679039
1621 SECOND AVENUE 10028,40.7768389,-73.9528586
719 2ND AVE 10016,40.7477812,-73.9740158
204 E 58TH ST 10022,40.76056639999999,-73.96669159999999
8925 AVENUE D 11236,40.6457128,-73.9130863
4025 CRESCENT ST 11101,40.7528849,-73.9383521
1027 FLATBUSH AVE 11226,40.6460037,-73.9573817
2409 STEINWAY STREET 11103,40.7686759,-73.9108511
3771 BROADWAY 10032,40.8340361,-73.9455421
12909 26TH AVE 11354,40.7730159,-73.7957333
146 WILSON AVE 11237,40.7004286,-73.92557219999999
270 W 45 ST 10036,40.758944,-73.9880093
873 BROADWAY 10003,40.738142,-73.99035959999999
557 LORIMER ST 11211,40.7135662,-73.94950639999999
739 GRAND ST 11211,40.71193770000001,-73.94332399999999
139 WEST   33 STREET 10001,40.749995,-73.99009360000001
1 EAST  161 STREET 10451,40.8288189,-73.9265691
7310 NORTHERN BOULEVARD 11372,40.7545178,-73.8933021
311 WEST   51 STREET 10019,40.763406,-73.98621899999999
155 S 4TH ST 11211,40.7116441,-73.961944
2024 MCDONALD AVENUE 11223,40.6032802,-73.9726033
647 9 AVENUE 10036,40.7606604,-73.99133599999999
2923 AVENUE R 11229,40.6075797,-73.9434332
1252 YORK AVENUE 10065,40.7637733,-73.9560015
318 KINGS HWY 11223,40.60475110000001,-73.9785378
4257 MAIN ST 11355,40.7537785,-73.8274256
607 9TH AVE 10036,40.75936799999999,-73.99235
934 MORRIS AVE 10456,40.8273521,-73.9173485
273 13TH ST 11215,40.6666945,-73.9878436
425 E 9TH ST 10009,40.727862,-73.983561
11614 QUEENS BOULEVARD 11375,40.7155273,-73.8335275
3515 DITMARS BLVD 11105,40.77465979999999,-73.9082533
2335 86 STREET 11214,40.6002693,-73.9905899
343 FRANKLIN AVENUE 11238,40.6876275,-73.9568117
145 AVENUE C 10009,40.7254621,-73.9780487
4905 103 STREET 11368,40.7439046,-73.8596417
2194 FRDRCK DGLS BLVD 10026,40.8058285,-73.9539762
359 6 AVENUE 10014,40.7322744,-74.00082789999999
13 CHRISTOPHER ST 10014,40.7340483,-74.0004721
901 SHERIDAN AVE 10451,40.8269475,-73.9210791
10740 QUEENS BOULEVARD 11375,40.7213201,-73.8450536
25 WEST 40TH STREET 10018,40.7531999,-73.982957
77 BRIDGE STREET 11201,40.702098,-73.98454
8838 SUTPHIN BLVD 11435,40.7039984,-73.80904199999999
606 5 AVENUE 11215,40.6639552,-73.9909816
626 10 AVENUE 10036,40.7611219,-73.9940447
976 MADISON AVE 10075,40.7745487,-73.96360039999999
50 WEST   72 STREET 10023,40.7770249,-73.97845749999999
2839 FREDERICK DOUGLAS BOULEVARD 10039,40.826944,-73.93917379999999
30 BROAD 10004,40.706108,-74.011544
1969 86 STREET 11214,40.6050777,-73.99857829999999
209 EAST  116 STREET 10029,40.797916,-73.93917379999999
546 3 AVENUE 10016,40.7473259,-73.9773326
1710 EASTERN PARKWAY 11233,40.6726132,-73.9114799
4616 5TH AVE 11220,40.647124,-74.0085404
10826 GUY R BREWER BOULEVARD 11433,40.6958075,-73.7909337
NKN HIGH LINE PK W 15TH ST 10011,40.7479925,-74.0047649
102 BERRY STREET 11249,40.7192265,-73.9587164
401 WEST   52 STREET 10019,40.7649675,-73.9882477
507 PENNSYLVANIA AVENUE 11207,40.6649645,-73.8938879
388 GREENWICH STREET 10013,40.7206751,-74.01114559999999
41 EXCHANGE PLACE 10005,40.705987,-74.010097
533 HUDSON STREET 10014,40.7343379,-74.0064028
435 7 AVENUE 11215,40.66330600000001,-73.9841644
3452 BOSTON RD 10469,40.8761195,-73.84833789999999
24 HARRISON STREET 10013,40.7189065,-74.00997500000001
729 BROADWAY 10003,40.729793,-73.9933933
13558 LEFFERTS BOULEVARD 11420,40.6689436,-73.8216429
108 JAY STREET 11201,40.7017287,-73.9869552
589 1ST AVE 10016,40.7436397,-73.9739349
49 DIVISION ST 10002,40.7140303,-73.9951925
3514 NOSTRAND AVENUE 11229,40.5984844,-73.94174199999999
234 WEST   42 STREET 10036,40.7564269,-73.9888338
701 9TH AVE 10019,40.762466,-73.990082
1506 BRONXDALE AVE 10462,40.8427071,-73.8537226
261 PATCHEN AVE 11233,40.6820817,-73.92569230000001
3235 RICHMOND AVENUE 10312,40.5604033,-74.1688867
9522 4TH AVE 11209,40.6155636,-74.03155509999999
884 RUTLAND RD 11203,40.6604238,-73.93008069999999
29 WEST   26 STREET 10010,40.7444155,-73.99000459999999
219 DYCKMAN STREET 10034,40.8657639,-73.9272682
48 EAST   12 STREET 10003,40.7332675,-73.9916243
144 W 37TH ST 10018,40.7524546,-73.988719
15 EAST  167 STREET 10452,40.8360302,-73.92146199999999
2710 QUEENS PLZ S 11101,40.7499596,-73.9396089
1120 MANHATTAN AVE 11222,40.7367696,-73.9552005
16504 147TH AVE 11434,40.6600792,-73.7739438
170 BEDFORD AVENUE 11211,40.7182273,-73.9575495
2230 PITKIN AVE 11207,40.6725699,-73.8900364
10216 43 AVENUE 11368,40.747122,-73.86214199999999
7122 ROOSEVELT AVE 11372,40.7464388,-73.8940203
3840 CRESCENT ST 11101,40.7549715,-73.9369236
8622 BROADWAY 11373,40.7379217,-73.8773386
143 CHRISTOPHER STREET 10014,40.73297000000001,-74.007696
254 E 204TH STREET 10458,40.8740013,-73.8841595
171 WEST  167 STREET 10452,40.83755540000001,-73.9273711
358 GRAHAM AVENUE 11211,40.7149789,-73.94416799999999
8718 LIBERTY AVE 11417,40.6797002,-73.8507508
9420 GUY R BREWER BOULEVARD 11451,40.7022966,-73.7960148
11633 QUEENS BLVD 11375,40.7159258,-73.83261159999999
121 W 29TH ST 10001,40.7471823,-73.99091229999999
216 E 170TH ST 10456,40.8382515,-73.91310159999999
9017 31ST AVE 11369,40.760261,-73.8779442
3310 28 AVENUE 11103,40.767363,-73.9182288
3666 BROADWAY 10031,40.83043139999999,-73.9471828
7414 37TH RD 11372,40.7472139,-73.8909126
2378 JEROME AVENUE 10468,40.8607228,-73.9021873
3008 37TH ST 11103,40.7644407,-73.9168882
543 LA GUARDIA PLACE 10012,40.7283929,-73.9980822
950 ALLERTON AVENUE 10469,40.8653134,-73.8591788
19 ST MARKS PLACE 10003,40.729187,-73.988711
434 PARK PLACE 11238,40.675433,-73.9636359
2073 BARTOW AVE 10475,40.86980579999999,-73.82820950000001
1827 FLATBUSH AVENUE 11210,40.625326,-73.939368
7339 AMBOY ROAD 10307,40.5110099,-74.2420282
691 KNICKERBOCKER AVENUE 11221,40.6946549,-73.9108164
487 COURT STREET 11231,40.6761548,-73.9986785
7049 AUSTIN STREET 11375,40.7205199,-73.8452604
204 EAST   43 STREET 10017,40.751119,-73.9735049
1757 ARTHUR KILL ROAD 10312,40.5597257,-74.1973421
1226 SOUTHERN BOULEVARD 10459,40.8293602,-73.8915452
2425 BROADWAY 10024,40.7904714,-73.9751574
1974A 2ND AVE 10029,40.7876382,-73.9443869
315 UTICA AVE 11213,40.66727119999999,-73.9310107
255 3 AVENUE 11215,40.678064,-73.98537069999999
70-74 BOWERY 10013,40.7168232,-73.99615469999999
75 GREENWICH AVE 10014,40.7367065,-74.0014332
287 3 AVENUE 10010,40.7382398,-73.9832095
17 KNOLLS CRESCENT STREET 10463,40.8786065,-73.9174439
410 CHURCH AVE 11218,40.6439746,-73.9761917
702 NEW DORP LANE 10306,40.5657035,-74.1006192
25412 NORTHERN BOULEVARD 11362,40.7717326,-73.7343494
76 9 AVENUE 10011,40.7417806,-74.00450119999999
166 W 72ND ST 10023,40.7781931,-73.9812185
870 7 AVE 10019,40.76468380000001,-73.9812123
13107 JAMAICA AVE 11418,40.702286,-73.820908
2701 BOSTON POST ROAD 10467,41.3105248,-72.7324436
423 EAST  149 STREET 10455,40.815967,-73.9168326
1199 NOSTRAND AVE 11225,40.658092,-73.9501607
986 SUTTER AVENUE 11208,40.6711257,-73.8823247
4911 VERNON BOULEVARD 11101,40.7430199,-73.95382289999999
1292 WESTCHESTER AVE 10459,40.827207,-73.886569
113 MULBERRY STREET 10013,40.7176209,-73.9984521
947 4TH AVE 11232,40.6539818,-74.0044088
19914 HOLLIS AVENUE 11412,40.7059179,-73.75804
900 8 AVENUE 10019,40.7644293,-73.9841824
8916 NORTHERN BLVD 11372,40.7560467,-73.8781477
666 6TH AVENUE 10010,40.7412806,-73.9936889
1936 3RD AVE 10029,40.79216479999999,-73.94444330000002
25 MURRAY STREET 10007,40.7139386,-74.008297
200 BAYCHESTER AVE 10475,40.8636318,-73.8274021
3240 3RD AVE 10451,40.8236916,-73.9086552
19 STANTON ST 10002,40.722441,-73.99199709999999
16 GRAMERCY PARK SOUTH 10003,40.737609,-73.98665299999999
132 FREEMONT AVENUE 10306,40.578607,-74.1091994
118-06 LIBERTY AVENUE 11419,40.6858575,-73.824682
833 2nd Avenue 10017,40.7515106,-73.97128599999999
14621 ROCKAWAY BLVD 11436,40.6737441,-73.7912158
181 2 AVENUE 10003,40.7309294,-73.98615699999999
30 W 32ND ST 10001,40.7476127,-73.9871695
19 KENMARE STREET 10012,40.7206906,-73.994593
563 CONEY ISLAND AVENUE 11218,40.6436103,-73.96978709999999
196 UNION AVENUE 11211,40.7061217,-73.9500903
236 E GUN HILL RD 10467,40.8799105,-73.87646769999999
19421 NORTHERN BOULEVARD 11358,40.7580868,-73.78686239999999
559 GRAND STREET 11211,40.7113501,-73.9492908
1972 FLATBUSH AVENUE 11234,40.6215686,-73.9361314
130 AUDUBON AVE 10032,40.8428574,-73.93700059999999
2765 WEBSTER AVE 10458,40.8659719,-73.8864849
1211 MCDONALD AVE 11230,40.6238214,-73.9755085
3939 EMMONS AVENUE 11235,40.5853005,-73.9273188
8201 ROOSEVELT AVENUE 11372,40.7479045,-73.8838391
211 EAST   43 STREET 10017,40.7512663,-73.9731576
13529 37 AVENUE 11354,40.7613175,-73.832056
11 W 32ND ST 10001,40.7477348,-73.9861939
52 E 125TH ST 10035,40.8054831,-73.9405975
3944 21ST STREET 11101,40.7556062,-73.941215
601 E 187TH ST 10458,40.8556298,-73.8872514
175 2 AVENUE 10003,40.7307303,-73.9866071
172 W 79TH ST 10024,40.7828454,-73.97806450000002
193 LEE AVE 11211,40.7022631,-73.95584339999999
760766 8 AVENUE 10036,40.7585406,-73.9888398
39 GROVE STREET 10014,40.7329151,-74.0045082
125 NAGLE AVE 10040,40.8607231,-73.92675419999999
1107 CONEY ISLAND AVE 11230,40.6306849,-73.9659799
1512 FULTON ST 11216,40.67972640000001,-73.9404266
3207 WESTCHESTER AVENUE 10461,40.8518645,-73.82998289999999
105 FREEMAN ST 11222,40.7343618,-73.9575424
3408 30TH AVE 11103,40.7654494,-73.9188054
1101 CLARKSON AVE 11212,40.6602982,-73.9218022
14411 JAMAICA AVENUE 11435,40.70238560000001,-73.811117
237987 ADAM CLAYTON POWELL BOULEVARD 10030,40.8175016,-73.9419869
280 ST NICHOLAS AVENUE 10027,40.8101402,-73.95276489999999
1575 3 AVENUE 10128,40.78023940000001,-73.952629
787 9 AVENUE 10019,40.7651373,-73.9880763
3941 QUEENS BOULEVARD 11104,40.7441786,-73.9245566
654 AMSTERDAM AVENUE 10025,40.7915261,-73.9726033
3627 164 STREET 11358,40.762037,-73.80169910000001
18 SPRING STREET 10012,40.7213034,-73.9950089
280 MARSH AVENUE 10314,40.5785297,-74.1640324
4105 BOSTON ROAD 10466,40.886376,-73.8276854
9422 LIBERTY AVE 11417,40.680184,-73.84401679999999
4317 8 AVENUE 11232,40.6444752,-73.9998753
218 REMSEN AVE 11212,40.6589737,-73.9271261
7902 5 AVENUE 11209,40.6265209,-74.02405639999999
23520 HILLSIDE AVENUE 11427,40.7329404,-73.73401489999999
10802 72ND AVE 11375,40.7195132,-73.84245419999999
7222 5 AVENUE 11209,40.631277,-74.0221863
4611 KISSENA BOULEVARD 11355,40.7505452,-73.8185807
1117 HYLAN BOULEVARD 10305,40.5987581,-74.07979739999999
663 SENECA AVENUE 11385,40.7034977,-73.90843699999999
560 3 AVENUE 10016,40.74809,-73.97686
723 FULTON STREET 11217,40.6872477,-73.9763225
164 MULBERRY STREET 10013,40.719646,-73.9969371
51 COLUMBIA ST 10002,40.7173394,-73.9804602
2925 AVENUE P 11229,40.6122218,-73.9443172
300 W 22ND ST 10011,40.7446826,-73.9994754
68 BERGEN ST 11201,40.6867438,-73.9910146
3626A UNION ST 11354,40.762958,-73.82811699999999
2217 31ST ST 11105,40.7756292,-73.9110621
5819 8TH AVE 11220,40.6360575,-74.0086322
7617 NEW UTRECHT AVE 11214,40.6143528,-74.0001393
3908 64 STREET 11377,40.7462154,-73.90012879999999
156 EAST    2 STREET 10009,40.7229281,-73.98522969999999
255 MALCOLM X BOULEVARD 11233,40.6838771,-73.9289785
1345 ROCKAWAY PKWY 11236,40.6469564,-73.9041019
9508 SUTPHIN BOULEVARD 11435,40.6980839,-73.8065129
6804 BAY PARKWAY 11204,40.6121417,-73.9835883
181 GRAHAM AVE 11206,40.7082372,-73.9435365
3944 QUEENS BOULEVARD 11104,40.7435423,-73.9246363
478 9TH AVE 10018,40.7549783,-73.9948512
5275 65TH PL 11378,40.7315239,-73.9000734
9109 SPRINGFIELD BOULEVARD 11428,40.7256604,-73.7399894
143 PERRY STREET 10014,40.7349676,-74.0080469
1093 2 AVENUE 10022,40.759782,-73.9652452
2090 BARTOW AVE 10475,40.869059,-73.826987
450 CLARKSON AVENUE 11203,40.6551024,-73.94415649999999
362 W 53RD ST 10019,40.7650069,-73.987158
2118 FLATBUSH AVE 11234,40.6181206,-73.9323541
214 WEST   50 STREET 10019,40.7614878,-73.9847935
2343 UTICA AVENUE 11234,40.6137372,-73.9260163
11 WEST   31 STREET 10001,40.7471282,-73.98690429999999
2655 RICHMOND AVE 10314,40.5816775,-74.1657766
16928 JAMAICA AVENUE 11432,40.7069526,-73.78967440000001
13620 ROOSEVELT AVE 11354,40.7594481,-73.8291066
30 EAST   68 STREET 10065,40.76902,-73.967039
5406 FLUSHING AVENUE 11378,40.7148688,-73.91312359999999
172 WAVERLY PLACE 10014,40.734024,-74.0013903
16922 HILLSIDE AVE 11432,40.7107665,-73.792209
251 WEST   72 STREET 10023,40.7796739,-73.9833932
26 JEFFERSON BOULEVARD 10312,40.5413224,-74.17845919999999
46 SAINT NICHOLAS AVE 10026,40.8001018,-73.95228550000002
4272 KATONAH AVENUE 10470,40.8977778,-73.86703179999999
4106 163RD ST 11358,40.7612219,-73.8030891
401 EAST 58 STREET 10022,40.7589167,-73.962008
243 BEDELL AVENUE 10307,40.507779,-74.23304139999999
250 EAST HOUSTON STREET 10002,40.7220942,-73.9848741
9015 QUEENS BOULEVARD 11373,40.7345605,-73.8706424
762 9 AVENUE 10019,40.7641429,-73.98819809999999
4042 WEST    8 STREET 10011,40.73295239999999,-73.99800499999999
2249 ADAM CLAYTON POWELL JR BLVD 10027,40.8135225,-73.94470570000001
340 BAYCHESTER AVENUE 10475,40.8677392,-73.82858139999999
1727 BEDFORD AVENUE 11225,40.6641362,-73.95699139999999
14 MOTT STREET 10013,40.7141563,-73.9985052
139 FLATBUSH AVE 11217,40.6846975,-73.9768194
21606 JAMAICA AVENUE 11428,40.7173492,-73.7384769
5235 METROPOLITAN AVE 11385,40.7135153,-73.9130784
5612 METROPOLITAN AVE 11385,40.7127596,-73.9065102
23 W 32ND ST 10001,40.7478771,-73.98665299999999
112 STANTON ST 10002,40.721284,-73.9872499
560 5 AVENUE 11215,40.6654412,-73.9898668
940 8TH AVE 10019,40.7656652,-73.9832325
280 SMITH STREET 11231,40.6824328,-73.9935856
1384 EAST GUNHILL ROAD 10469,40.8698708,-73.8456164
311 HENRY STREET 11201,40.6909887,-73.99588109999999
10002 NORTHERN BOULEVARD 11368,40.7570462,-73.8682449
251 CHURCH ST 10013,40.717799,-74.00543019999999
7135 73RD PL 11385,40.7045927,-73.87607609999999
8830 PARSONS BOULEVARD 11432,40.7058655,-73.8019186
334 8TH AVE 10001,40.74758449999999,-73.9965737
9717 QUEENS BOULEVARD 11374,40.7296869,-73.8601577
211 WYCKOFF AVENUE 11237,40.7023941,-73.9157973
49 WARREN ST 10007,40.7145023,-74.0091487
3004 AVENUE L 11210,40.6218704,-73.94576909999999
736 E 152ND ST 10455,40.8157001,-73.90734619999999
87 7 AVENUE SOUTH 10014,40.7326111,-74.0031348
1000 3 AVENUE 10022,40.7619047,-73.96682779999999
425 AMSTERDAM AVENUE 10024,40.7839503,-73.9773785
10309 GLENWOOD RD 11236,40.648391,-73.8976831
581 HUDSON STREET 10014,40.7363593,-74.0060453
500 FOREST AVENUE 10310,40.630286,-74.1068823
15708 NORTHERN BLVD 11354,40.7635548,-73.8079092
22407 UNION TURNPIKE 11364,40.7359822,-73.7464147
2115 GRAND CONCOURSE 10453,40.854498,-73.90244109999999
3007 ASTORIA BLVD 11102,40.7703246,-73.91854090000001
30 EAST   13 STREET 10003,40.7346212,-73.9928051
3706 90 STREET 11372,40.7502345,-73.8769549
346 WEST   46 STREET 10036,40.76032319999999,-73.989775
75 9TH AVE 10011,40.7419634,-74.0049148
8530 3 AVENUE 11209,40.6237024,-74.0312745
500 AVENUE OF THE AMERICAS 10011,40.7363143,-73.9971207
1485 MYRTLE AVENUE 11237,40.699238,-73.9162796
1401 ROCKAWAY PKWY 11236,40.6458056,-73.90281809999999
25631 UNION TPKE 11004,40.7457279,-73.7145008
195 BROADWAY 10007,40.71109999999999,-74.0093
1701 PITKIN AVENUE 11212,40.6699158,-73.9105112
454 GRAHAM AVE 11211,40.7186807,-73.9449004
350 PARK AVE 10022,40.75833790000001,-73.973889
711 NOSTRAND AVE 11216,40.6729341,-73.9498278
366 UNION AVENUE 11211,40.7113987,-73.9510332
12430 ROCKAWAY BLVD 11420,40.675118,-73.812878
144 DECATUR ST 11233,40.6807646,-73.93736700000001
4502 JUNCTION BOULEVARD 11368,40.7444983,-73.8680431
3717 30TH AVENUE 11103,40.7644588,-73.9157809
2953 WEBSTER AVENUE 10458,40.8677423,-73.883476
1100 MADISON AVENUE 10028,40.7787515,-73.960608
226 E 51ST ST 10022,40.7558401,-73.9693696
147 BLEECKER STREET 10012,40.728369,-73.9991763
1703 MCDONALD AVE 11230,40.6110608,-73.9730395
552 WEST  235 STREET 10463,40.8854948,-73.90969969999999
2178 BROADWAY 10024,40.7822187,-73.9805895
13901 GRAND CENTRAL PKWY 11435,40.716991,-73.8186
707 NOSTRAND AVE 11216,40.6730349,-73.9500493
6418 108TH ST 11375,40.73234799999999,-73.8498319
536 CITY ISLAND AVE 10464,40.853108,-73.789508
163 MONTROSE AVE 11206,40.7075789,-73.9427099
287 AVENUE U 11223,40.5970841,-73.9736594
501 W 214TH ST 10034,40.8691199,-73.91589259999999
60 EAST   65 STREET 10065,40.7667738,-73.96760220000002
6002 WOODSIDE AVENUE 11377,40.7449326,-73.90434259999999
2461 FREDERICK DOUGLASS BLVD 10027,40.8146388,-73.94831239999999
22 EAST   66 STREET 10065,40.76796299999999,-73.9687808
2248 1ST AVE 10029,40.7955542,-73.9353162
930 3 AVENUE 10022,40.7595392,-73.9683561
2549 BROADWAY 10025,40.79443759999999,-73.97246559999999
8915 165 STREET 11432,40.7071607,-73.7957248
4121 NATIONAL ST 11368,40.748091,-73.86314720000001
7002 34 AVENUE 11372,40.752156,-73.8958229
348 WYTHE AVE 11249,40.7141273,-73.96533699999999
4102 AVENUE D 11203,40.6413433,-73.9377961
24505 JERICHO TPKE 11426,40.7249095,-73.7227237
141 W 41ST ST 10036,40.75491969999999,-73.98596429999999
300 WEST   44 STREET 10036,40.758564,-73.98975209999999
14921A 41 AVENUE 11355,40.7575119,-73.8291496
10910 LIBERTY AVENUE 11419,40.6839898,-73.8324571
832 WESTCHESTER AVENUE 10455,40.8191762,-73.90220459999999
433 BROOME STREET 10013,40.7213556,-73.9994621
817 METROPOLITAN AVENUE 11211,40.7148752,-73.94160780000001
82 BERRY STREET 11249,40.7197492,-73.9580952
53 W 35TH ST 10001,40.7502753,-73.9863542
7109 13 AVENUE 11228,40.6222251,-74.0050515
119 WEST KINGSBRIDGE ROAD 10468,40.8688155,-73.9018425
17 PUTNAM AVENUE 11238,40.6828093,-73.962008
1731 WEBSTER AVE 10457,40.8438828,-73.9033961
4009 JUNCTION BLVD 11368,40.74887260000001,-73.8689812
420 5TH AVE 10018,40.7508135,-73.9833361
9206 ROCKAWAY BEACH BLVD 11693,40.586386,-73.815949
520 8 AVENUE 10018,40.753615,-73.9920415
17 W 125TH ST 10027,40.8069663,-73.9431103
419 KINGSTON AVE 11225,40.6645883,-73.9424243
116 MACDOUGAL ST 10012,40.7296853,-74.0004721
922 7 AVENUE 10019,40.7663869,-73.97964809999999
201 CENTRAL AVE 11221,40.6979634,-73.9246974
22318 S CONDUIT AVE 11413,40.665348,-73.7541347
7927 MAIN ST 11367,40.7183969,-73.8174171
579 MYRTLE AVE 11205,40.694187,-73.9609863
1489 2 AVENUE 10075,40.7724535,-73.95594760000002
3323 FRANCIS LEWIS BOULEVARD 11358,40.7668517,-73.7897847
525 EAST   68 STREET 10065,40.764285,-73.954258
8777 168TH PL 11432,40.71018,-73.7935964
140 8TH AVE 10011,40.7414371,-74.00101169999999
6912 ROOSEVELT AVE 11377,40.7461648,-73.8957252
929 AMSTERDAM AVE 10025,40.8000532,-73.9655781
285 COLUMBUS AVENUE 10023,40.7782965,-73.9779183
5910 8TH AVE 11220,40.635978,-74.009385
158 E. 188 TH ST 10468,40.8614877,-73.89839150000002
229 PROSPECT PARK WEST 11215,40.6598876,-73.9804891
4189 WHITE PLAINS ROAD 10466,40.8933451,-73.8577356
0 LAGUARDIA AIRPORT 11369,40.7769271,-73.8739659
17 JOHN STREET 10038,40.7099633,-74.0087355
570 BAY ST 10304,40.6279416,-74.0765005
1445 RICHMOND AVENUE 10314,40.6112069,-74.1564755
9513 NORTHERN BLVD 11372,40.7571129,-73.87259259999999
150 NASSAU ST 10038,40.7114591,-74.0059352
2335 ARTHUR AVENUE 10458,40.8543351,-73.8889269
1448 SAINT JOHNS PL 11213,40.6703227,-73.9303219
318 GRAHAM AVENUE 11211,40.7135094,-73.94394980000001
247 ELDRIDGE STREET 10002,40.7228459,-73.9898209
285 W 12TH ST 10014,40.7376897,-74.0040989
2902 DITMARS BLVD 11105,40.7765762,-73.9117677
243 WEST   42 STREET 10036,40.7570053,-73.9885583
5663 RIVERDALE AVENUE 10471,40.90625199999999,-73.9049811
7120 13TH AVE 11228,40.6222517,-74.005786
781 FRANKLIN AVENUE 11238,40.6720708,-73.95727839999999
151 W 51ST ST 10019,40.7616065,-73.98199249999999
657 FAIRVIEW AVENUE 11385,40.7067838,-73.90541710000001
557 DRIGGS AVENUE 11211,40.7168066,-73.9564748
801 ANNADALE RD 10312,40.5424862,-74.1771622
79 5TH AVE 10003,40.73703039999999,-73.99250669999999
476 2 AVENUE 10016,40.7401049,-73.97894389999999
204 GARFIELD PLACE 11215,40.6720924,-73.9769165
4 TIMES SQUARE 10036,40.7560571,-73.9857754
12221 MERRICK BLVD 11434,40.6835738,-73.7688265
136 WEST   46 STREET 10036,40.7578676,-73.9839958
159 CENTRAL AVE 11221,40.6992464,-73.9267741
366 W 46TH ST 10036,40.7605509,-73.9903604
1218 LIBERTY AVENUE 11208,40.6788278,-73.8640058
4209 MAIN STREET 11355,40.755074,-73.82771699999999
521 THIRD AVENUE 10016,40.7461635,-73.97750479999999
210 10TH AVE 10011,40.747121,-74.0043858
8989 UNION TURNPIKE 11385,40.7071503,-73.8556898
964 AMSTERDAM AVE 10025,40.8014793,-73.9653026
12 WHITEHALL FERRY TERMINAL 10004,40.7013948,-74.0131497
54 PEARL STREET 10004,40.7033808,-74.01135219999999
4713 WHITE PLAINS RD 10470,40.9038963,-73.8502718
78 W 3RD ST 10012,40.7296327,-73.9988079
272 SAND LANE 10305,40.5927051,-74.06854860000001
3409 BROADWAY 10031,40.8224179,-73.9537228
80 2 AVENUE 10003,40.726384,-73.9889027
249 E TREMONT AVE 10457,40.8490046,-73.9039797
2 MOTT ST 10013,40.7138425,-73.998498
300 E 86TH ST 10028,40.7776204,-73.9515728
180 10 AVENUE 10011,40.7459937,-74.00453499999999
7218 3 AVENUE 11209,40.6331243,-74.027327
11000 FLATLANDS AVENUE 11207,40.6501209,-73.89007529999999
2364 JEROME AVENUE 10468,40.8603111,-73.90231659999999
2535 3 AVENUE 10451,40.8110147,-73.92773849999999
119 AVENUE A 10009,40.7264835,-73.98350889999999
381 5TH AVE 11215,40.6707851,-73.98464369999999
107 GRAHAM AVENUE 11206,40.7054042,-73.94316909999999
2788 BROADWAY 10025,40.802516,-73.9673998
7118 13 AVENUE 11228,40.6222839,-74.0057401
17802 JAMAICA AVE 11432,40.7077464,-73.783185
45 WEST   46 STREET 10036,40.7569634,-73.9807187
247 DYCKMAN STREET 10034,40.8665242,-73.9280339
3538 WHITE PLAINS ROAD 10467,40.8780802,-73.8655919
129 DWIGHT ST 11231,40.6750102,-74.0099291
1306 40TH ST 11218,40.6397244,-73.9868212
155 7TH AVE 10011,40.741719,-73.99712699999999
12034 QUEENS BOULEVARD 11415,40.7132105,-73.8292707
226 UTICA AVE 11213,40.6710474,-73.93113699999999
938 3RD AVE 10022,40.7598639,-73.96813399999999
1515 BROADWAY 10036,40.7576782,-73.985965
1625 BROADWAY 10019,40.7613104,-73.9844951
7616 3RD AVENUE 11209,40.6303776,-74.028486
30 EAST   33 STREET 10016,40.7466385,-73.982957
1384 BROADWAY 10018,40.75255200000001,-73.98700699999999
255 VESEY STREET 10282,40.715015,-74.0152919
1154 1 AVENUE 10065,40.7621934,-73.9597465
3402 LINDEN PLACE 11354,40.76609250000001,-73.8315681
568 UNION AVE 11211,40.717752,-73.95193739999999
157 PROSPECT PARK SW 11218,40.6547785,-73.9735675
143 E 47TH ST 10017,40.754452,-73.9727389
530 7 AVENUE 10018,40.7540534,-73.9886997
5012 SKILLMAN AVE 11377,40.7459396,-73.913945
622 3RD AVE 10017,40.7497769,-73.97570259999999
788 LEXINGTON AVE 10065,40.76376399999999,-73.9673344
9418 SUTPHIN BLVD 11435,40.6984676,-73.8067657
2501 JEROME AVE 10468,40.8644448,-73.9002497
381 VAN DUZER STREET 10304,40.6287346,-74.0797582
3497 BOSTON ROAD 10469,40.877067,-73.846716
16312 CROSSBAY BOULEVARD 11414,40.6519195,-73.8385435
267 ELIZABETH STREET 10012,40.7239981,-73.99386129999999
119 SAINT MARKS PLACE 10009,40.7270085,-73.9835497
253 BROADWAY 10310,40.6352687,-74.11713689999999
9630 LINDEN BOULEVARD 11417,40.673701,-73.839596
939 LEXINGTON AVE 10065,40.7681457,-73.9634465
2551A STEINWAY STREET 11103,40.76668189999999,-73.9125971
90 NASSAU STREET 10038,40.710078,-74.007679
4030 BROADWAY 10032,40.8419403,-73.9388951
13 E MOUNT EDEN AVE 10452,40.8443075,-73.9142916
2310 86TH ST 11214,40.60019339999999,-73.9914276
714 7 AVENUE 10036,40.7596846,-73.9846391
22 WEST    8 STREET 10011,40.7326287,-73.9976676
348 WEST   52 STREET 10019,40.7640839,-73.9869342
1483 2ND AVE 10075,40.7722556,-73.9561648
81 SOUTH    6 STREET 11249,40.7111048,-73.9651604
121B NAGLE AVENUE 10040,40.8606734,-73.92692319999999
1488 1 AVENUE 10075,40.771291,-73.95318
6319 8TH AVE 11220,40.6333585,-74.011445
81 UNIVERSITY PLACE 10003,40.7333061,-73.9930828
9419 ROOSEVELT AVENUE 11372,40.7491688,-73.87203769999999
29 E 28TH ST 10016,40.7438918,-73.98495419999999
642 AMSTERDAM AVE 10025,40.791128,-73.972787
13530 140 STREET 11436,40.6672234,-73.79862
7029 PARSONS BOULEVARD 11365,40.731485,-73.809902
10614 NORTHERN BLVD 11368,40.7575671,-73.8622572
60 W 56TH ST 10019,40.7632881,-73.9774714
1479 BEACH CHANNEL DRIVE 11691,40.6098725,-73.7538687
279 FLATBUSH AVENUE 11217,40.679387,-73.9737842
1035 E 92ND ST 11236,40.643789,-73.907489
1060 RUTLAND ROAD 11212,40.6635731,-73.9245811
725 3RD AVE 10017,40.752794,-73.972624
140 EAST   27 STREET 10016,40.741611,-73.982529
685 3RD AVE 10017,40.7515453,-73.9735893
1374 BOSTON ROAD 10456,40.8323837,-73.898194
1617 2 AVENUE 10028,40.7765639,-73.952983
11319 BEACH CHANNEL DRIVE 11694,40.581895,-73.8352161
906908 E GUNHILL RD 10469,40.869102,-73.84361460000001
3622 QUENTIN ROAD 11234,40.6148963,-73.9359936
281 VAN BRUNT ST 11231,40.6790898,-74.0106948
1901 EMMONS AVENUE 11235,40.583865,-73.949116
667 CLASSON AVE 11238,40.6773247,-73.9589659
3785 VICTORY BOULEVARD 10314,40.5975061,-74.1822074
6422 BAY PARKWAY 11204,40.6141505,-73.9815222
9419 ASTORIA BLVD 11369,40.763095,-73.87443999999999
20 WEST 38 STREET 10018,40.7512301,-73.9838982
353 GREENWICH ST 10013,40.7186421,-74.010138
13832 JAMAICA AVENUE 11435,40.70226,-73.81429059999999
27127 UNION TPKE 11040,40.7523323,-73.702387
805 ZEREGA AVENUE 10473,40.8244097,-73.8432158
3612 DITMARS BOULEVARD 11105,40.7738985,-73.9079891
1885 3RD AVE 10029,40.7902887,-73.9451897
12301 LIBERTY AVE 11419,40.6876586,-73.8211145
4909 NORTHERN BOULEVARD 11101,40.7536003,-73.9129497
9904A ROCKAWAY BEACH BLVD 11694,40.5842693,-73.8206443
350 WEST   42 STREET 10036,40.7578482,-73.99232310000001
28 BOWERY 10013,40.7150441,-73.9971666
225 LIBERTY ST 10281,40.7125,-74.015278
8130 BROADWAY 11373,40.7428533,-73.88321429999999
9006 JAMAICA AVE 11421,40.6926828,-73.854371
1085 2ND AVE 10022,40.7596006,-73.9653944
0 JFK AIRPORT 11430,40.6413111,-73.77813909999999
3473 BROADWAY 10031,40.8244168,-73.9523121
42 UNION SQ E 10003,40.7361924,-73.9890465
13515 37 AVENUE 11354,40.7611691,-73.8325201
13621 41ST AVE 11355,40.7455477,-73.8880796
7238 AUSTIN ST 11375,40.7186748,-73.8415232
3203 BROADWAY 11106,40.7616589,-73.9242411
4701 VAN DAM ST 11101,40.74254500000001,-73.93378
213 PARK AVE S 10003,40.736816,-73.9886554
100 PARK AVE 10017,40.7515456,-73.97891659999999
377 1ST AVE 10010,40.73643740000001,-73.97921509999999
302 WEST   51 STREET 10019,40.7629472,-73.9862398
645 COURTLANDT AVE 10451,40.8189192,-73.9186459
123 RIVINGTON STREET 10002,40.7196431,-73.98725250000001
250 EAST BURNSIDE AVENUE 10457,40.85150660000001,-73.902627
4143 CLIFTON PLACE 11238,40.6881499,-73.95986719999999
5 MOTT ST 10013,40.7138624,-73.9989112
8318 3RD AVE 11209,40.6252299,-74.030586
24507 JERICHO TURNPIKE 11426,40.7250907,-73.7227754
941 INTERVALE AVENUE 10459,40.8212335,-73.8972411
526 MORRIS AVENUE 10451,40.8169148,-73.9227994
111 AVENUE C 10009,40.7243248,-73.9789511
695 9TH AVE 10036,40.7621569,-73.99018819999999
713 86 STREET 11228,40.6188842,-74.0214858
3352 FULTON ST 11208,40.6835664,-73.8718382
493 3 AVENUE 10016,40.745166,-73.97815899999999
1180 FOREST AVE 10310,40.6263757,-74.12929489999999
4219 COLLEGE POINT BLVD 11355,40.7545081,-73.83299079999999
641 10TH AVE 10036,40.7619518,-73.9941825
608 NOSTRAND AVE 11216,40.6779011,-73.9499469
341 SAINT NICHOLAS AVE 11385,40.7006561,-73.9096659
10 COLUMBUS CIRCLE 10019,40.7684141,-73.9827037
1914 NOSTRAND AVENUE 11226,40.6389481,-73.9484688
837 MANHATTAN AVENUE 11222,40.7286892,-73.9537445
3720 30 AVENUE 11103,40.76418630000001,-73.916027
90 3RD AVE 10003,40.7322454,-73.98830579999999
1501 PITKIN AVE 11212,40.6689861,-73.91788710000002
2401 29 STREET 11102,40.7727726,-73.9164116
15301 10TH AVE 11357,36.3585609,-119.6369356
361 E 138TH ST 10454,40.8097258,-73.9238347
13347 ROOSEVELT AVE 11354,40.7588856,-73.8327513
5807 5TH AVE 11220,40.6404058,-74.0150577
2029 GRAND CONCOURSE 10453,40.8520697,-73.9044081
478 ROCKAWAY AVE 11212,40.6682288,-73.9106761
4316 BROADWAY 10033,40.85190009999999,-73.9346102
888 8 AVENUE 10019,40.7637495,-73.9846917
4446 MAIN STREET 10307,40.50667139999999,-74.24608549999999
35 WHITE ST 10013,40.7186497,-74.00457109999999
5627 61ST ST 11378,40.7240714,-73.9042425
930 2ND AVE 10022,40.7544316,-73.9685183
4718 WHITE PLAINS ROAD 10470,40.9039816,-73.8496036
47 EAST BROADWAY 10002,40.7133811,-73.9957893
346 MALCOLM X BLVD 11233,40.6809194,-73.9288991
207 WEST   38 STREET 10018,40.753859,-73.9890635
28 LITTLE WEST   12 STREET 10014,40.7397702,-74.0074731
4521 AVENUE N 11234,40.618925,-73.931028
401 GREENWICH STREET 10013,40.7209191,-74.0096652
2538 PITKIN AVENUE 11208,40.6742637,-73.8785797
71 7TH AVE 11217,40.6751435,-73.9746236
232 E 53RD ST 10022,40.7568925,-73.9683331
297 BROADWAY 11211,40.7085594,-73.95791729999999
5824 8 AVENUE 11220,40.63628,-74.009073
5201 5 AVENUE 11220,40.6437518,-74.01138279999999
6321 8 AVENUE 11220,40.6333309,-74.01164109999999
4736 BELL BLVD 11361,40.755987,-73.767639
266 WEST   47 STREET 10036,40.7600569,-73.98717649999999
1 BATTERY PARK PLAZA 10004,40.7033758,-74.0138065
840 2 AVENUE 10017,40.7514669,-73.9706863
85 SMITH STREET 11201,40.6889049,-73.9886787
1719 PITKIN AVE 11212,40.6700941,-73.90966569999999
2102 EASTCHESTER RD 10461,40.8562607,-73.84372119999999
2124 NOSTRAND AVENUE 11210,40.6335796,-73.9479795
96 EAST  161 STREET 10451,40.8270316,-73.9244796
1322 BROADWAY 11221,40.6902175,-73.9236669
94179419 3 AVENUE 11209,40.6250008,-74.0304542
31 WEST   43 STREET 10036,40.75495129999999,-73.98189099999999
212 PATCHEN AVE 11233,40.6835767,-73.9263952
938 4 AVENUE 11232,40.6549109,-74.0041043
1359 1 AVENUE 10021,40.7684496,-73.9558618
288 3 AVENUE 11215,40.6773189,-73.98634310000001
10709 ROCKAWAY BOULEVARD 11417,40.678578,-73.831833
323 CHURCH STREET 10013,40.7200705,-74.0036258
18-20 1 AVENUE 10009,40.7234763,-73.9879681
244 GRAND STREET 11211,40.71347129999999,-73.95903109999999
750 6 AVENUE 10010,40.7437269,-73.99181159999999
687 5TH AVE 11215,40.6614403,-73.9930691
14908 41ST AVE 11355,40.761938,-73.8153339
2556 CONEY ISLAND AVE 11223,40.594466,-73.9612159
354 METROPOLITAN AVENUE 11211,40.7139033,-73.9564981
2 PENN STATION 10001,40.7500759,-73.9921939
150 GREAVES LANE 10308,40.5538823,-74.1426219
3052-3078 W 21ST ST 11224,40.572891,-73.98754799999999
4207 MAIN ST 11355,40.7551147,-73.82795759999999
4103 162ND ST 11358,40.7612504,-73.8036063
823 CASTLETON AVE 10310,40.6348761,-74.1098762
516 NOSTRAND AVENUE 11216,40.681221,-73.94994009999999
8774B BAY PARKWAY 11214,40.5985391,-73.9976236
290 BRIGHTON BEACH AVENUE 11235,40.5766992,-73.964236
6132 SPRINGFIELD BOULEVARD 11364,40.7483198,-73.756564
227 SULLIVAN STREET 10012,40.72960519999999,-73.9994648
374 8TH AVE 10001,40.74876,-73.9956289
1048 BEDFORD AVENUE 11205,40.6890781,-73.95528089999999
20 CHRISTOPHER ST 10014,40.7338041,-74.0006557
12620 ROCKAWAY BOULEVARD 11420,40.674944,-73.810936
9106 JAMAICA AVENUE 11421,40.69298819999999,-73.8534615
703 LYDIG AVE 10462,40.8546294,-73.8673474
6301 8TH AVENUE 11220,40.6333829,-74.0113348
4959 BROADWAY 10034,40.8681495,-73.9206083
1446 1ST AVE 10021,40.7698209,-73.9542362
33 CROSBY ST 10013,40.7207889,-73.9992785
174 BEDFORD AVENUE 11249,40.7181719,-73.9577261
226 WEST HOUSTON STREET 10014,40.72868829999999,-74.0048793
236 WEST   52 STREET 10019,40.762879,-73.9841278
110 KENT AVE 11249,40.7209016,-73.9614455
88 DIVISION ST 10002,40.7144171,-73.9937028
3 HANOVER SQUARE 10004,40.7050668,-74.00915069999999
4127 162ND ST 11358,40.7606066,-73.8037556
401 6TH AVE 10014,40.7335199,-74.00001300000001
420 LEXINGTON AVENUE 10017,40.7524237,-73.9755636
119 SULLIVAN STREET 10012,40.7261102,-74.0024921
46 WYCKOFF AVE 11237,40.7057507,-73.921747
1955 86 STREET 11214,40.6052813,-73.9989227
2026 CONEY ISLAND AVE 11223,40.6076103,-73.9622261
230 PARK AVE 10169,40.754522,-73.975915
208 VARICK STREET 10014,40.7287529,-74.0050629
145 ATLANTIC AVENUE 11201,40.690693,-73.9952269
0 PENN STATION 10001,40.749855,-73.9927725
16405 89TH AVE 11432,40.7076362,-73.7968884
849 PROSPECT AVENUE 10459,40.8201741,-73.9016966
1 NEW YORK PLZ 10004,40.7020841,-74.0118801
1 JFK INTL AIRPORT BLVD 11430,40.6655469,-73.80673039999999
722 FLATBUSH AVENUE 11225,40.6557687,-73.9601471
357 1ST AVE 10010,40.735549,-73.9797775
7706 NEW UTRECHT AVE 11214,40.6140665,-74.0007131
44B NEW LOTS AVE 11212,40.6570528,-73.90344200000001
507A EAST 163 STREET 10451,40.8248475,-73.9091998
4117 UNION STREET 11355,40.7588041,-73.8255258
5425 5TH AVE 11220,40.6422529,-74.012905
168 WEST   25 STREET 10001,40.7450473,-73.9944579
1021 OGDEN AVENUE 10452,40.8335814,-73.92926800000001
3811 EAST TREMONT AVENUE 10465,40.8248556,-73.8201924
222 SMITH STREET 11231,40.6840862,-73.9924379
24 9 AVENUE 10014,40.7403556,-74.00557669999999
5705 5 AVENUE 11220,40.6409414,-74.0144839
17649 UNION TURNPIKE 11366,40.726043,-73.79154799999999
9 WEST   57 STREET 10019,40.763861,-73.974794
924 MANHATTAN AVE 11222,40.7310539,-73.95409839999999
342 E 47TH ST 10017,40.7520017,-73.9686555
59 AUDUBON AVE 10032,40.8405566,-73.93796139999999
700 8TH AVE 10036,40.7587072,-73.9882975
5920 FORT HAMILTON PKWY 11219,40.6333127,-74.0057057
142 FRANKLIN STREET 11222,40.7297737,-73.9573128
300 SCHERMERHORN ST 11217,40.6873592,-73.9824046
2715 BROADWAY 10025,40.799727,-73.968518
800 GRAND ST 11211,40.711771,-73.9413696
564 EAST NEW YORK AVENUE 11225,40.6617828,-73.9441106
2367 8 AVENUE 10027,40.8117012,-73.9504248
4223 BELL BOULEVARD 11361,40.7620228,-73.77002619999999
12 JOHN STREET 10038,40.7098261,-74.0091249
805 SOUNDVIEW AVENUE 10473,40.8216288,-73.8666786
265 TROY AVE 11213,40.6701743,-73.9363376
99B CHRYSTIE ST 10002,40.7179102,-73.9942284
100 STANTON STREET 10002,40.72138169999999,-73.9879385
377 KINGSTON AVENUE 11213,40.6660809,-73.9423482
1137 WASHINGTON AVE 11225,40.6611406,-73.9606684
216 E 198TH ST 10458,40.8696643,-73.890264
900 MAIN STREET 10044,40.7702898,-73.9421553
747 9 AVENUE 10019,40.7638784,-73.98899449999999
13335 ROOSEVELT AVE 11354,40.7588339,-73.8331304
269 COLUMBUS AVENUE 10023,40.7778053,-73.97820039999999
9117 37 AVENUE 11372,40.7508048,-73.87539749999999
177 5 AVENUE 11217,40.6771744,-73.97967419999999
9210 SHORE PARKWAY 11414,40.6648338,-73.84171529999999
43 W 39TH ST 10018,40.7526992,-73.9843918
2924 30 AVENUE 11102,40.767289,-73.92286299999999
2620 JEROME AVENUE 10468,40.866861,-73.8975511
7414 5 AVENUE 11209,40.6299711,-74.0227053
9051 CORONA AVENUE 11373,40.7424577,-73.8740318
8 W 40TH ST 10018,40.7523117,-73.9826815
3711 73RD ST 11372,40.7484869,-73.892395
274 BROADWAY 11211,40.7085089,-73.9588234
1587 WATSON AVE 10472,40.8265968,-73.8755822
16612 HILLSIDE AVENUE 11432,40.7094985,-73.7956437
70 VANDAM STREET 10013,40.7263434,-74.0072222
54 EAST   13 STREET 10003,40.7341002,-73.9917595
75 RICHMOND TERRACE 10301,40.6455625,-74.07719349999999
2823 MIDDLETOWN ROAD 10461,40.84363219999999,-73.8359562
185 BLEECKER ST 10012,40.7292484,-74.0009312
125 W 55TH ST 10019,40.7636225,-73.978934
0 CENTRAL TAXI HOLD 11430,40.6567112,-73.7940126
87 CENTRAL AVE 11206,40.7007976,-73.9295296
173 MULBERRY STREET 10013,40.7201098,-73.99721250000002
326 DEKALB AVE 11205,40.689638,-73.96537
3318 DITMARS BOULEVARD 11105,40.7748021,-73.90930589999999
9 WEST   42 STREET 10036,40.7539825,-73.981535
1206 VICTORY BOULEVARD 10301,40.6160482,-74.1039296
786 CONEY ISLAND AVENUE 11218,40.6382322,-73.9688152
2929 DITMARS BOULEVARD 11105,40.776487,-73.9107439
6 WEST   25 STREET 10010,40.7430507,-73.989694
122 WEST   26 STREET 10001,40.7450731,-73.9925985
8655 BROADWAY 11373,40.7373229,-73.8771249
1089 2ND AVE 10022,40.7596953,-73.9653141
309 W 39TH ST 10018,40.7559495,-73.99206110000002
9510 3 AVENUE 11209,40.6171149,-74.0339368
197 KNICKERBOCKER AVE 11237,40.7036939,-73.9265444
3757 103 STREET 11368,40.7518293,-73.8634569
4032 10 AVENUE 10034,40.8694104,-73.9156354
2830 MIDDLETOWN ROAD 10461,40.84329719999999,-73.8355575
2287 WESTCHESTER AVENUE 10462,40.83558490000001,-73.8483578
2353 8 AVENUE 10027,40.8111432,-73.9508381
26 1ST AVE 10009,40.7236857,-73.9877463
10437 QUEENS BOULEVARD 11375,40.7237598,-73.8478741
145149 COURT ST 11201,40.689161,-73.992623
274 COLUMBUS AVE 10023,40.778003,-73.97862839999999
201 PORT RICHMOND AVENUE 10302,40.6362679,-74.1344332
3218 3RD AVE 10451,40.8232647,-73.90876999999999
5920 MAIN STREET 11355,40.7433057,-73.8259278
3020 30 AVENUE 11102,40.766832,-73.9217386
3405 3 AVENUE 10456,40.8284916,-73.9071854
27 CATHERINE STREET 10038,40.7126429,-73.9968312
800 2ND AVE 10017,40.74991079999999,-73.9717539
1215 1 AVENUE 10065,40.7637832,-73.9591418
13106 ROCKAWAY BLVD 11420,40.674598,-73.807135
1715 SHEEPSHEAD BAY RD 11235,40.5855668,-73.9513547
353 BROADWAY 11211,40.7078374,-73.9556597
2307 STEINWAY ST 11105,40.7706167,-73.9082913
399 WEST BROADWAY 10012,40.7242595,-74.00184910000002
2 TIMES SQUARE 10036,40.7596814,-73.9847235
1866 86 STREET 11214,40.6061095,-74.0012181
349 5TH AVE 11215,40.6717514,-73.9838517
360 E 188TH ST 10458,40.8601368,-73.8939997
1505 LEXINGTON AVE 10029,40.7866364,-73.95014929999999
120 RIVERSIDE BOULEVARD 10069,40.7764061,-73.98911
1367 FULTON STREET 11216,40.6804288,-73.9466898
630 UTICA AVENUE 11203,40.6580768,-73.9313093
4229 BELL BLVD 11361,40.7619143,-73.7698806
366 WEST   52 STREET 10019,40.76437749999999,-73.9876172
199 KNICKERBOCKER AVE 11237,40.7036808,-73.9264526
175 KENT AVENUE 11249,40.7179716,-73.9635012
1217 AVENUE U 11229,40.5987028,-73.95963069999999
89 FORT GREENE PL 11217,40.6873766,-73.9764143
13 MARCUS GARVEY BLVD 11206,40.6995163,-73.9411485
104 E 7TH ST 10009,40.7265187,-73.98495419999999
20 Union Sq. W 10003,40.7364501,-73.98991269999999
2450 AMSTERDAM AVE 10033,40.8487234,-73.9309135
800 BURKE AVE 10467,40.8711419,-73.8632014
886 AMSTERDAM AVE 10025,40.7987219,-73.96722969999999
488 DRIGGS AVE 11211,40.7186244,-73.9551067
4015 BELL BLVD 11361,40.7638609,-73.7708719
55 ST. NICHOLAS AVENUE 10026,40.8006605,-73.9527667
125 E 7TH ST 10009,40.7264335,-73.98408189999999
600 3RD AVE 10016,40.7491823,-73.97590579999999
1149 1 AVENUE 10065,40.7621148,-73.9603867
41 ELIZABETH STREET 10013,40.7170283,-73.99696519999999
622 THIRD AVENUE 10017,40.7497769,-73.97570259999999
526 W 207TH ST 10034,40.8652292,-73.9197908
935 8 AVENUE 10019,40.7657404,-73.9838982
229 CHRYSTIE STREET 10002,40.7233932,-73.9919099
95 PAGE AVE 10309,40.5219753,-74.2345899
4183 BOWNE STREET 11355,40.7574997,-73.8222213
811 9 AVENUE 10019,40.765851,-73.9874722
3147 STEINWAY ST 11103,40.7600623,-73.9179061
4307 104 STREET 11368,40.747651,-73.860238
2325 MERMAID AVE 11224,40.5761478,-73.9909547
13324 41ST AVE 11355,40.7455477,-73.8880796
277 GRAND ST 10002,40.7176311,-73.9928051
131 BERRY ST 11249,40.718322,-73.95897599999999
237 36TH ST 11232,40.6565327,-74.0077434
63 GRAND ST 11249,40.716096,-73.964839
1377 E NEW YORK AVE 11212,40.6694577,-73.91763449999999
485 COURT STREET 11231,40.6761804,-73.9985866
1633 CROSBY AVE 10461,40.84481290000001,-73.8310971
156 E 33RD ST 10016,40.7452197,-73.9793528
599 EAST 184 STREET 10458,40.8536704,-73.88947519999999
1509 MERMAID AVENUE 11224,40.5770161,-73.98307179999999
120 CEDAR STREET 10006,40.7095408,-74.0127065
7802 JAMAICA AVENUE 11421,40.6917254,-73.86364329999999
6415 11TH AVE 11219,40.6287642,-74.00557479999999
2418 BROADWAY 10024,40.7899815,-73.9748699
111 E 58TH ST 10022,40.7622127,-73.9694998
102 BOWERY 10013,40.7178477,-73.99542199999999
21 BEDFORD PARK BLVD E 10468,40.8732638,-73.8887424
6902 ROOSEVELT AVENUE 11377,40.7461401,-73.8960927
273 CHURCH STREET 10013,40.7184096,-74.0048334
13035 91ST AVE 11418,40.698741,-73.8192305
1642 BRUCKNER BLVD 10473,40.8245823,-73.8723962
6398 WOODHAVEN BOULEVARD 11374,40.7217882,-73.8673587
555 7 AVENUE 11215,40.6593241,-73.9878926
73 2ND AVE 10003,40.7265138,-73.9895454
5214 8 AVENUE 11220,40.63984,-74.0054
13158 SANFORD AVE 11355,40.754414,-73.8339137
620 8 AVENUE 10018,40.756098,-73.99018819999999
2102 AVENUE X 11235,40.5926464,-73.94895530000001
208 EAST   50 STREET 10022,40.7554154,-73.9705757
2180 86 STREET 11214,40.60188309999999,-73.9941939
10729 METROPOLITAN AVE 11375,40.7097624,-73.8450965
21 WEST   45 STREET 10036,40.7560607,-73.98040879999999
200 W 14TH ST 10011,40.738552,-74.0001048
15003 CROSSBAY BLVD 11417,40.6700465,-73.8422065
21145 JAMAICA AVENUE 11428,40.71568,-73.74784319999999
251 West 51 St 10019,40.762887,-73.9850001
274 WEST  145 STREET 10039,40.82248329999999,-73.9414958
1308 MADISON AVENUE 10128,40.7851486,-73.9558548
3922 WHITE PLAINS RD 10466,40.8861861,-73.8609963
500 CITY ISLAND AVE 10464,40.85222359999999,-73.788923
289 7 AVENUE 11215,40.6679325,-73.9804546
789 9 AVENUE 10019,40.7652144,-73.9880763
738 FRANKLIN AVENUE 11238,40.6732254,-73.9573128
607 2 AVENUE 10016,40.7443924,-73.97644869999999
2255 31 STREET 11105,40.774797,-73.911866
51 AVENUE U 11223,40.5962292,-73.9824977
3603 30 AVENUE 11103,40.7650747,-73.9170489
89 GUYON AVENUE 10306,40.5649225,-74.12771219999999
396 7TH AVE 11215,40.6650188,-73.98334729999999
13858 FRANCIS LEWIS BOULEVARD 11422,40.6676058,-73.7373937
2002 CROSS BRONX EXPRESSWAY 10472,40.8317798,-73.8567794
3740 WHITE PLAINS ROAD 10467,40.8825785,-73.86308650000001
7013 AUSTIN STREET 11375,40.72100469999999,-73.84622019999999
1381 65 STREET 11219,40.6248548,-73.9993683
824 9 AVENUE 10019,40.7660018,-73.9868879
52 WILLIAM STREET 10005,40.7067843,-74.0089713
34 W 32ND ST 10001,40.74769819999999,-73.9872958
645 9 AVENUE 10036,40.7606246,-73.99139819999999
613 CRESCENT AVENUE 10458,40.8538518,-73.88772949999999
21920 NORTHERN BOULEVARD 11361,40.76113340000001,-73.76217319999999
2479 ARTHUR AVE 10458,40.85745,-73.88635579999999
307 KINGS HIGHWAY 11223,40.6052628,-73.97893959999999
4930 KINGS HIGHWAY 11234,40.6334533,-73.92868
325 BROADWAY 10007,40.716076,-74.004925
772 ALLERTON AVE 10467,40.8653296,-73.8646203
3764 E TREMONT AVE 10465,40.8257431,-73.82161990000002
8509 ROOSEVELT AVENUE 11372,40.7481505,-73.88084730000001
824 BROADWAY 10003,40.7330079,-73.9909326
3628 BROADWAY 10031,40.8291193,-73.9480576
3411 30 AVENUE 11103,40.76573399999999,-73.91838299999999
701 WEST  180 STREET 10033,40.8497744,-73.9367005
21222 48 AVENUE 11364,40.755227,-73.768344
120 ESSEX ST 10002,40.7191831,-73.9875483
1425 W 10TH ST 11204,40.6105715,-73.983898
971B E NEW YORK AVE 11212,40.663858,-73.9305052
211 W 34TH ST 10001,40.7515686,-73.9913155
40-24 COLLEGE POINT BLVD 11354,40.757229,-73.8356575
753 9TH AVENUE 10019,40.7640518,-73.9888568
5824 MYRTLE AVENUE 11385,40.700353,-73.9006057
6607 FRESH POND ROAD 11385,40.7088769,-73.8980266
10 MORTON STREET 10014,40.7311638,-74.003548
112 DYCKMAN STREET 10040,40.8619703,-73.9252814
303 5TH AVE 10016,40.7465404,-73.9856069
4042 82ND ST 11373,40.7463535,-73.8839429
162 FRANKLIN STREET 11222,40.73080360000001,-73.95749649999999
7 9 AVENUE 10014,40.739633,-74.00665699999999
236 PORT RICHMOND AVENUE 10302,40.6355246,-74.135408
1842 EAST NEW YORK AVENUE 11207,40.6763202,-73.9006277
3044 WESTCHESTER AVENUE 10461,40.8478553,-73.8310178
1022 MADISON AVENUE 10075,40.7761833,-73.9624213
407 8 AVENUE 10001,40.75000259999999,-73.9953761
19 WEST  170 STREET 10452,40.8405451,-73.9177663
3836 DYRE AVE 10466,40.8889355,-73.8310858
67 WEST   44 STREET 10036,40.7561037,-73.9827221
3558 97TH ST 11368,40.7519563,-73.8702109
7901 3 AVENUE 11209,40.6283744,-74.0287499
604 10 AVENUE 10036,40.7605343,-73.9944618
8535 GRAND AVENUE 11373,40.7356917,-73.88130149999999
603 WEST  168 STREET 10032,40.8414118,-73.94015209999999
624660 WEST   42 STREET 10036,40.76142,-74.0009082
684 3RD AVENUE 10017,40.7516428,-73.97407749999999
560 EAST  149 STREET 10455,40.8141172,-73.9132712
522 WEST   38 STREET 10018,40.7574645,-73.998597
351 GRAND ST 10002,40.7166666,-73.9895454
858 10 AVENUE 10019,40.7685725,-73.9886272
60 WEST   55 STREET 10019,40.7624832,-73.9773402
180 MADISON AVENUE 10016,40.7476205,-73.983485
5 W 31ST ST 10001,40.7469568,-73.98642339999999
7301 YELLOWSTONE BOULEVARD 11375,40.7174831,-73.85670739999999
244 WEST   56 STREET 10019,40.7656166,-73.9830259
676 FRANKLIN AVE 11238,40.6754378,-73.9564977
190 EAST    2 STREET 10009,40.7224092,-73.9840517
2541 BROADWAY 11106,40.7630598,-73.9269348
4823 4 AVENUE 11220,40.64699,-74.0116532
968 4TH AVE 11232,40.6537141,-74.00545319999999
22 WARREN ST 10007,40.7143072,-74.00777149999999
803 9 AVENUE 10019,40.7656093,-73.9877319
2547 BROADWAY 10025,40.794334,-73.972424
14932 41ST AVE 11355,40.7455477,-73.8880796
11 E 31ST ST 10016,40.74636,-73.98494699999999
320 MALCOLM X BLVD 11233,40.6818184,-73.9291049
185 W BROADWAY 10013,40.7178106,-74.00673859999999
9460 CORONA AVENUE 11373,40.741938,-73.868028
22310 SOUTH CONDUIT AVENUE 11413,40.6653285,-73.75438299999999
222 EAST   53 STREET 10022,40.7571454,-73.9685512
214 EAST  161 STREET 10451,40.8251389,-73.9211014
406 EAST    9 STREET 10009,40.7278371,-73.9844492
572 E 169TH ST 10456,40.8320225,-73.9033588
114 E BURNSIDE AVE 10453,40.8529163,-73.9053096
611 HUDSON ST 10014,40.7376733,-74.00588929999999
838 6TH AVE 10001,40.7467447,-73.9896615
101 WEST   23 STREET 10011,40.7433382,-73.992949
1291 LEXINGTON AVE 10028,40.7800106,-73.9550076
870 7 AVENUE 10019,40.76468380000001,-73.9812123
3914 QUEENS BOULEVARD 11104,40.7436618,-73.9255853
1263 NOSTRAND AVE 11226,40.6561592,-73.9499477
205 WEST   54 STREET 10019,40.7640805,-73.98185509999999
3316 30TH AVE 11103,40.7657278,-73.91931869999999
1006 FLUSHING AVE 11237,40.7037805,-73.9306778
715 LORIMER STREET 11211,40.7183949,-73.95033289999999
524 COURT STREET 11231,40.6759936,-73.9992307
NKA JFK International Airport 11430,40.6413111,-73.77813909999999
29 ST MARKS PLACE 10003,40.7290408,-73.98830579999999
275 GREENWICH ST 10007,40.7151648,-74.01096199999999
3018 BROADWAY 11106,40.7619388,-73.9256778
5804 CLARENDON ROAD 11203,40.6446637,-73.92160729999999
6009 7 AVENUE 11220,40.6364479,-74.0117994
4797 BROADWAY 10034,40.8663567,-73.925694
3206 30TH AVE 11102,40.7662504,-73.92042459999999
535 WEST  114 STREET 10027,40.8064972,-73.9633052
1003 2 AVENUE 10022,40.7569805,-73.96732290000001
369 BROOME ST 10013,40.7199004,-73.9959614
4606 8TH AVE 11220,40.6432822,-74.0016693
234 KNICKERBOCKER AVE 11237,40.7028423,-73.92571769999999
6909 8TH AVE 11228,40.6299909,-74.01502470000001
5603 7TH AVE 11220,40.6388458,-74.0093953
320 AVENUE X 11223,40.5901599,-73.9712258
214 E 188TH ST 10458,40.8609716,-73.89708879999999
193 SCHERMERHORN STREET 11201,40.6892394,-73.9863076
344 E 6TH ST 10003,40.7263971,-73.98647290000001
4805 CHURCH AVENUE 11203,40.6518746,-73.93213589999999
1641 2ND AVE 10028,40.7773908,-73.95239939999999
1151 TIFFANY AVENUE 10459,40.8276419,-73.89532109999999
80 LAFAYETTE AVENUE 11217,40.686988,-73.9747402
945 EAST  163 STREET 10459,40.821318,-73.8961659
525 6 AVENUE 10011,40.737274,-73.997238
577 5 AVENUE 11215,40.664758,-73.9896832
5323 7TH AVE 11220,40.64018189999999,-74.0079895
61 WEST    8 STREET 10011,40.7336404,-73.9989571
1028 NOSTRAND AVE 11225,40.663369,-73.951078
208 W 23RD ST 10011,40.7440535,-73.99643209999999
143 MOTT STREET 10013,40.718765,-73.996815
3455 THIRD AVE 10456,40.8297878,-73.9067818
235 MULBERRY STREET 10012,40.7227471,-73.9962025
8216 BAXTER AVENUE 11373,40.7467682,-73.8830306
195 NASSAU AVE 11222,40.7257342,-73.94511849999999
3809 BROADWAY 10032,40.8353651,-73.94445499999999
130 FRANKLIN ST 10013,40.7192553,-74.0066083
611 5 AVENUE 10022,40.7580975,-73.9769439
25 WEST   45 STREET 10036,40.7561159,-73.9806613
293 GRAND AVE 11238,40.6875446,-73.9623639
9313 ROOSEVELT AVE 11372,40.749031,-73.873119
7901 BROADWAY 11373,40.7450725,-73.8857803
633 3 AVENUE 10017,40.7496916,-73.9748302
1898 JEROME AVE 10453,40.8499735,-73.91035889999999
108 JOHN ST 10038,40.7076828,-74.00618349999999
596 3RD AVE 10016,40.74886,-73.97612699999999
845 UNITED NATIONS PLAZA 10017,40.7525175,-73.9676903
340 WEST BROADWAY 10013,40.7225918,-74.0038234
9212 4TH AVE 11209,40.6180968,-74.0305516
2233 GRAND CONCOURSE 10453,40.8563208,-73.90106
4 SOUTH ST 10004,40.701009,-74.0130246
185 MONTAGUE STREET 11201,40.6943019,-73.99186399999999
395 FLATBUSH AVENUE EXTENSION 11201,40.6890238,-73.98066899999999
6022 8TH AVE 11220,40.63521009999999,-74.0102275
22 LITTLE WEST 12TH ST 10014,40.739925,-74.0073797
81 MOTT STREET 10013,40.7166098,-73.9981307
907 SENECA AVENUE 11385,40.7006697,-73.90363719999999
4124A WHITE PLAINS ROAD 10466,40.8914453,-73.8582377
990 COLUMBUS AVENUE 10025,40.8010518,-73.9618311
295 GREENWICH STREET 10007,40.7160466,-74.0108091
1774 FLATBUSH AVE 11210,40.6266034,-73.941481
57 STONE STREET 10004,40.70452,-74.0102668
2567 STEINWAY STREET 11103,40.7661701,-73.9127954
2799 BROADWAY 10025,40.8029728,-73.9679002
13408 ROCKAWAY BOULEVARD 11420,40.674335,-73.8041439
933 AMSTERDAM AVE 10025,40.8001931,-73.96572139999999
1624A EAST 16TH STREET 11229,40.609829,-73.9576663
126 ROOSEVELT AVENUE 11368,40.75294520000001,-73.85072509999999
2308 GRAND CONCOURSE 10458,40.8575983,-73.89943439999999
3402 CHURCH AVE 11203,40.650916,-73.945483
2480 86 STREET 11214,40.5978888,-73.98758269999999
3294 ATLANTIC AVENUE 11208,40.6797195,-73.87762649999999
16601 NORTHERN BLVD 11358,40.7599568,-73.8000399
118 RIVINGTON STREET 10002,40.7199003,-73.9872958
1438 MYRTLE AVE 11237,40.6987616,-73.91718569999999
11 MADISON AVENUE 10010,40.7415343,-73.9870352
50 LINCOLN RD 11225,40.66068370000001,-73.9612781
120 W 116TH ST 10026,40.8023598,-73.95115950000002
200 PARK AVENUE 10017,40.7524187,-73.9778272
330 WEST   40 STREET 10018,40.75646649999999,-73.99251869999999
187 SUYDAM ST 11221,40.700282,-73.9257063
180 LUDLOW ST 10002,40.7218567,-73.9872039
11 BROADWAY 10004,40.7052529,-74.01407030000001
142 AVENUE U 11223,40.596105,-73.9790314
26 BROADWAY 10004,40.7054423,-74.01288819999999
4205 35 AVENUE 11101,40.7544185,-73.92022469999999
294 GRAND AVENUE 11238,40.6880027,-73.962869
941 BROADWAY 11206,40.6972344,-73.93529319999999
7121 FT HAMILTON PARKWAY 11228,40.6272625,-74.0137852
1408 CORTELYOU ROAD 11226,40.6407535,-73.96485489999999
2028 BROADWAY 10023,40.7765993,-73.98179569999999
987 BAY ST 10305,40.6187265,-74.0691039
110 GREENWICH AVENUE 10011,40.7382669,-74.0021229
3756 108TH ST 11368,40.752453,-73.860018
1590 LEXINGTON AVE 10029,40.7892879,-73.9487257
194 ELIZABETH STREET 10012,40.7217078,-73.99432019999999
12074 QUEENS BOULEVARD 11415,40.713345,-73.8284245
9549 ROOSEVELT AVENUE 11372,40.7492781,-73.87010649999999
8213 NORTHERN BOULEVARD 11372,40.7558502,-73.8848675
6409 ROOSEVELT AVENUE 11377,40.746159,-73.899564
66 W 116TH ST 10026,40.8016807,-73.9492683
2658 BROADWAY 10025,40.7976317,-73.9692136
4208 CHURCH AVENUE 11203,40.6511939,-73.9377532
2851 86TH ST 11223,40.5922117,-73.9772981
5677 RIVERDALE AVE 10471,40.9064671,-73.9050477
10 EAST   48 STREET 10017,40.7568173,-73.9774474
486 KINGS HWY 11223,40.6040737,-73.9717194
357 NOSTRAND AVE 11216,40.6859085,-73.95053759999999
80 BERRY ST 11249,40.7198938,-73.95790749999999
537 PARK AVENUE 11205,40.69710449999999,-73.9548791
214 COURT STREET 11201,40.6866631,-73.9940562
805 PENNSYLVANIA AVE 11207,40.6581723,-73.8898916
3302 DITMARS BLVD 11105,40.7751232,-73.9097007
18 EAST   23 STREET 10010,40.7406872,-73.988214
559 LORIMER STREET 11211,40.7136434,-73.94950639999999
7269 KISSENA BOULEVARD 11367,40.7273944,-73.81245249999999
400 E 167TH ST 10456,40.8305111,-73.9101219
10211 SPRINGFIELD BLVD 11429,40.7135676,-73.7355348
310 KINGSTON AVENUE 11213,40.6683402,-73.9425262
220 WEST   31 STREET 10001,40.7495406,-73.99340099999999
7311 YELLOWSTONE BOULEVARD 11375,40.7173271,-73.856899
1746 2 AVENUE 10128,40.7808636,-73.9492533
420 86TH ST 11209,40.6222408,-74.02799259999999
45 WEST   81 STREET 10024,40.7830649,-73.9736712
3703 31ST AVE 11103,40.7621769,-73.91832529999999
4806 41ST ST 11104,40.7396267,-73.924294
379 PARK AVENUE SOUTH 10016,40.7423984,-73.9844951
125 PARK AVENUE 10017,40.751632,-73.9776389
354 MELROSE STREET 11237,40.7039629,-73.9276101
2530 HYLAN BOULEVARD 10306,40.5696961,-74.10958939999999
156 EAST   64 STREET 10065,40.765092,-73.9658192
101 BARCLAY STREET 10007,40.7144841,-74.0121556
7704 5 AVENUE 11209,40.62792899999999,-74.0234826
271 PROSPECT PARK W 11215,40.6583287,-73.9819708
85 7 AVENUE 11217,40.6746103,-73.97501079999999
3486 EAST TREMONT AVENUE 10465,40.831331,-73.8271704
3963 61ST ST 11377,40.7452494,-73.90323529999999
417 W 47TH ST 10036,40.7620958,-73.99104899999999
225 1ST AVE 10003,40.7310072,-73.9831177
220 EAST   81 STREET 10028,40.7750972,-73.9554136
379 COLUMBIA STREET 11231,40.6789655,-74.0053843
2905 23 AVENUE 11105,40.775064,-73.91337299999999
3124 GREENPOINT AVE 11101,40.734536,-73.9370613
629 2ND AVE 10016,40.7451488,-73.9758633
1785-1787 LEXINGTON AVENUE 10029,40.7952371,-73.9438235
13403 ROCKAWAY BOULEVARD 11420,40.6748296,-73.8041118
9701 57 AVENUE 11368,40.7373421,-73.8639468
14605 JAMAICA AVENUE 11435,40.7019878,-73.8086958
89 EAST   42 STREET 10017,40.7525703,-73.9776273
4114 162ND ST 11358,40.76095919999999,-73.80402889999999
1586 1 AVENUE 10028,40.7745325,-73.9507462
2573 FRANCIS LEWIS BOULEVARD 11358,40.773402,-73.7959592
138 W 25TH ST 10001,40.74471,-73.993647
4516 48TH AVE 11377,40.7391638,-73.919769
2202 86TH ST 11214,40.6015988,-73.99385389999999
2401 WESTCHESTER AVENUE 10461,40.837232,-73.846522
637 2ND AVE 10016,40.7453738,-73.9758174
250 BLEECKER STREET 10014,40.730967,-74.002985
9015 QUEENS BLVD 11373,40.7345605,-73.8706424
466 LEXINGTON AVENUE 10017,40.753666,-73.97473099999999
138 WEST 10 STREET 10014,40.7344539,-74.00060979999999
17 CLINTON STREET 10002,40.72084,-73.98434
455 MADISON AVE 10022,40.75801999999999,-73.9749775
889 10 AVENUE 10019,40.7698117,-73.9885192
1250 HYLAN BOULEVARD 10305,40.5972028,-74.0841631
280 BROADWAY 10007,40.714299,-74.0058154
12921 14 AVENUE 11356,39.73828839999999,-104.8557783
208 BEDFORD AVENUE 11249,40.7170558,-73.9587707
2896 W 12TH ST 11224,40.5769765,-73.9799267
638 W 47TH ST 10036,40.7644734,-73.9980848
13344 150TH ST 11436,40.6670759,-73.7898281
99 1ST AVE 10003,40.7266049,-73.9863775
511 9 STREET 11215,40.6657797,-73.97883639999999
86 ALLEN ST 10002,40.7178703,-73.99074139999999
127 LUDLOW ST 10002,40.71988959999999,-73.98858129999999
675B 9TH AVE 10036,40.7614549,-73.9907253
13320 ROCKAWAY BOULEVARD 11420,40.6743908,-73.8046784
4720 CENTER BOULEVARD 11109,40.7458823,-73.9573806
4904 69 STREET 11377,40.73746209999999,-73.8961815
772 FLATBUSH AVENUE 11226,40.6539769,-73.9598269
2030 OCEAN PKWY 11223,40.599192,-73.9665653
66 PEARL STREET 10004,40.7034852,-74.01083129999999
20 E 39TH ST 10016,40.7509706,-73.98121979999999
75 LEXINGTON AVENUE 10010,40.7411867,-73.9833014
13316 39 AVENUE 11354,40.758943,-73.833787
3340 BROADWAY 10031,40.8202009,-73.9547024
942 UTICA AVENUE 11203,40.6499048,-73.9305859
535 UTICA AVE 11203,40.6603538,-73.93094289999999
417 FULTON STREET 11201,40.6921112,-73.98840009999999
333 FLATBUSH AVE 11217,40.6778455,-73.9726476
3725 MAIN STREET 11354,40.7611024,-73.83059170000001
263 1 AVENUE 10003,40.7323375,-73.9821535
4052 MAIN STREET 11354,40.7581846,-73.8299569
8422 37TH AVE 11372,40.749786,-73.8818561
738 MORRIS PARK AVENUE 10462,40.8453125,-73.8646394
285 W BROADWAY 10013,40.7208327,-74.0046268
44 EAST   32 STREET 10016,40.7458665,-73.982957
2168 WESTCHESTER AVE 10462,40.8339504,-73.8519913
549 METROPOLITAN AVENUE 11211,40.714238,-73.9507003
9 DOYERS STREET 10013,40.7143818,-73.9981829
548 COURT STREET 11231,40.6750925,-73.9995998
7207 AUSTIN STREET 11375,40.7193775,-73.84223999999999
227 EAST  116 STREET 10029,40.7976257,-73.9387605
20311 NORTHERN BOULEVARD 11361,40.7578893,-73.779823
2270 86TH ST 11214,40.6007132,-73.9922198
73 MULBERRY ST 10013,40.7162383,-73.99932439999999
1735 2 AVENUE 10128,40.780337,-73.95033289999999
15 WEST   46 STREET 10036,40.7566063,-73.9798394
9502 ROOSEVELT AVE 11372,40.7488391,-73.8710796
401 PARK AVE S 10016,40.742994,-73.9839001
4118 5TH AVE 11232,40.6498206,-74.0057401
6301 8TH AVE 11220,40.6333829,-74.0113348
251 WEST   42 STREET 10036,40.7571349,-73.9891482
1930 BARTOW AVENUE 10469,40.8679993,-73.83336589999999
2107 3RD AVE 10029,40.7973206,-73.94013819999999
150 WATER ST 10005,40.7064364,-74.00598
16116 NORTHERN BLVD 11358,40.7622141,-73.8042603
46 ELDRIDGE ST 10002,40.7159217,-73.9929386
566 LORIMER STREET 11211,40.7138746,-73.9492308
54 EAST  125 STREET 10035,40.8053383,-73.9405286
1 EAST   60 STREET 10022,40.7649048,-73.972042
667 E 187 STREET 10458,40.8547441,-73.88549739999999
510 WEST   52 STREET 10019,40.7660382,-73.99182739999999
486 5TH AVE 11215,40.6678455,-73.9876743
4009 69TH ST 11377,40.746009,-73.895966
387 UTICA AVENUE 11213,40.6649262,-73.9312613
2114 FLATBUSH AVE 11234,40.6182642,-73.9324804
469 FLATBUSH AVENUE 11225,40.6629144,-73.961721
405 ATLANTIC AVE 11217,40.6869989,-73.9844377
1664 1 AVENUE 10028,40.777291,-73.94884499999999
370 PARK AVENUE 10022,40.7588506,-73.9730612
1115 KINGS HWY 11229,40.6077507,-73.96130769999999
11317 JAMAICA AVE 11418,40.6983408,-73.8351424
7721 3 AVENUE 11209,40.6294378,-74.02833679999999
121 ESSEX STREET 10002,40.7196455,-73.9878811
2324 ARTHUR AVENUE 10458,40.853859,-73.88878849999999
4 PENN PLZ 10121,40.750354,-73.993371
5761 BROADWAY 10463,40.8837214,-73.9017588
694 ARTHUR KILL ROAD 10308,40.5594838,-74.16446909999999
4187 BROADWAY 10033,40.8478849,-73.9381573
94-54A CORONA AVENUE 11368,40.7420176,-73.86827989999999
1969 BATH AVE 11214,40.6016922,-74.00158549999999
7310 37 AVENUE 11372,40.7487071,-73.8923835
793 9 AVENUE 10019,40.7653107,-73.9879385
525 HUDSON ST 10014,40.734068,-74.0066538
16307 BAISLEY BOULEVARD 11434,40.6787423,-73.77944560000002
15812 CROSSBAY BOULEVARD 11414,40.6603079,-73.8406239
77 PEARL STREET 10004,40.70402980000001,-74.01048
643 W 43RD ST 10036,40.7624153,-73.9994292
1000 AVENUE OF THE AMERICAS 10018,40.75172939999999,-73.9860561
152 SMITH ST 11201,40.6865953,-73.9907851
3548 UNION STREET 11354,40.7642258,-73.8283457
118 MONTAGUE ST 11201,40.6947234,-73.99476779999999
22330 UNION TPKE 11364,40.7353478,-73.7471932
3401 45TH ST 11101,40.7545947,-73.9167499
160 EAST   28 STREET 10016,40.7420324,-73.98137299999999
60 WASHINGTON SQUARE SOUTH 10012,40.72993659999999,-73.9978275
4128 MAIN ST 11352,40.757178,-73.829437
3718 34 AVENUE 11101,40.7570074,-73.92189429999999
8814 LIBERTY AVENUE 11417,40.67971,-73.8499815
556 TOMPKINS AVE 10305,40.6123893,-74.07151449999999
33 HILLEL PLACE 11210,40.6322795,-73.948753
200 BROADWAY 10038,40.7105205,-74.008988
302 5 AVENUE 10001,40.7467407,-73.9861224
2027 EMMONS AVE 11235,40.5840174,-73.9468806
170 WAVERLY PLACE 10014,40.7336403,-74.001665
9021 31 AVENUE 11369,40.7603184,-73.8778562
240 KINGS HIGHWAY 11223,40.6051761,-73.9818137
1686 PITKIN AVENUE 11212,40.669406,-73.91104299999999
65 5TH AVE 10003,40.7355507,-73.9934979
501 BAY STREET 10304,40.6299145,-74.0763336
729 FLUSHING AVENUE 11206,40.7006993,-73.94349059999999
25 W 26TH ST 10010,40.74439599999999,-73.9898668
245 W 51ST 10019,40.7628271,-73.9849687
934 8TH AVE 10019,40.7655274,-73.983485
861 7 AVENUE 10019,40.7644714,-73.9805168
29 BEDFORD STREET 10014,40.7292206,-74.0037316
3216 STEINWAY ST 11103,40.7586352,-73.9195999
190 E 167TH ST 10456,40.8340557,-73.9170144
15051 NORTHERN BOULEVARD 11354,40.765365,-73.81332560000001
1114 AVENUE OF THE AMERICAS 10036,40.75471719999999,-73.98277449999999
1771 HYLAN BLVD 10305,40.5859146,-74.09302509999999
3001 35 AVENUE 11106,40.758585,-73.9290585
3556 NOSTRAND AVENUE 11229,40.5971821,-73.9415575
1644 3 AVENUE 10128,40.7828336,-73.9513432
40 MAIN STREET 11201,40.7027187,-73.9908157
2200 FREDERICK DOUGLASS BOULEVARD 10026,40.8060722,-73.95379249999999
645 LENOX AVE 10037,40.8188587,-73.9377584
941 MCDONALD AVENUE 11218,40.631148,-73.9770109
4706 AVENUE N 11234,40.6186144,-73.9294378
554 VANDERBILT AVENUE 11238,40.6800723,-73.9682413
9 W 32ND ST 10001,40.74771519999999,-73.9860561
524 EAST  240 STREET 10470,40.9009294,-73.8618231
1063 FIRST AVENUE 10022,40.7589866,-73.96275159999999
155 LAFAYETTE AVE 10301,40.6410686,-74.0946426
894 DEKALB AVE 11221,40.6925033,-73.9401841
4803 5 AVENUE 11220,40.6459807,-74.00911909999999
1619 YORK AVENUE 10028,40.7755416,-73.9478073
66 MADISON AVENUE 10016,40.7436978,-73.98617089999999
81 HUDSON STREET 10013,40.7185399,-74.00909130000001
44 HESTER ST 10002,40.7155026,-73.9902224
8912 QUEENS BLVD 11373,40.7343164,-73.8745315
60 WALL STREET 10005,40.706197,-74.00848959999999
1482 1ST AVE 10075,40.771066,-73.95322589999999
602 VANDERBILT AVE 11238,40.6783861,-73.96888410000001
3778 103 STREET 11368,40.751216,-73.86366
269 WEST   72 STREET 10069,40.77989549999999,-73.9840249
4523 GREENPOINT AVE 11104,40.7423459,-73.91906329999999
203 AVENUE U 11223,40.596836,-73.9766743
149 HAVEMEYER  ST 11211,40.7117847,-73.95727839999999
111 WEST  110 STREET 10026,40.7987797,-73.9527907
9529 JAMAICA AVENUE 11421,40.6946208,-73.8493278
2 LAFAYETTE STREET 10007,40.7140988,-74.0039841
131 MADISON AVENUE 10016,40.7456133,-73.9841399
214 E BURNSIDE AVE 10457,40.8518146,-73.9031172
409 8TH AVE 10001,40.7500797,-73.9953761
8155 LEFFERTS BLVD 11415,40.7080953,-73.8306884
111 8 AVENUE 10011,40.7414688,-74.0033873
19 WEST   45 STREET 10036,40.755919,-73.98042
404 HUNTS POINT AVE 10474,40.80984,-73.880647
22712269 7 AVENUE 10030,40.8151874,-73.9439113
3019 QUENTIN ROAD 11234,40.61224,-73.9409763
90 BEDFORD STREET 10014,40.7323981,-74.00531749999999
21 EAST  170 STREET 10452,40.8401362,-73.9168424
266 ADELPHI STREET 11205,40.689855,-73.97135209999999
1381 OGDEN AVE 10452,40.8420949,-73.9246646
303 E 85TH ST 10028,40.77716119999999,-73.9518501
1123 1 AVENUE 10065,40.7612933,-73.9609656
755 TARGEE ST 10304,40.6089303,-74.08781689999999
289395 BUHRE AVENUE 10461,40.8471956,-73.8317639
2935 9 AVENUE 10014,40.7405293,-74.0057364
498 7 AVENUE 10018,40.7527648,-73.989662
127 E. 60TH ST 10022,40.7632255,-73.9681609
9416 JAMAICA AVENUE 11421,40.6939947,-73.85063939999999
235 E 53RD ST 10022,40.75729690000001,-73.9679199
25 EAST BROADWAY 10002,40.7133312,-73.99679929999999
207 WEST   36 STREET 10018,40.7526176,-73.9901605
969 INTERVALE AVENUE 10459,40.8222158,-73.8971033
113 UNIVERSITY PLACE 10003,40.7342648,-73.99215699999999
1223 3 AVENUE 10021,40.7687251,-73.96102789999999
3175 FULTON STREET 11208,40.6822257,-73.8776609
3205 36 AVENUE 11106,40.7562658,-73.9285623
145 1 AVENUE 10003,40.7282181,-73.98522969999999
4106B JUNCTION BLVD 11368,40.7473147,-73.8686683
2315 STRAUSS STREET 11212,40.6570221,-73.91305299999999
1592 1ST AVE 10028,40.774701,-73.9505889
754 LINDEN BLVD 11203,40.6536632,-73.9301428
1581 FLATBUSH AVE 11210,40.6323613,-73.94695329999999
650 MANHATTAN AVE 11222,40.7244646,-73.95092989999999
208 1 AVENUE 10009,40.7302719,-73.9830374
584 ROCKAWAY AVENUE 11212,40.66571070000001,-73.9099433
3018B ASTORIA BLVD 11102,40.7699952,-73.918523
1464 ST NICHOLAS AVENUE 10033,40.8507452,-73.9323311
3864 10TH AVE 10034,40.8642219,-73.9194346
8802 VAN WYCK EXPRESSWAY 11418,40.7022406,-73.8169221
1553 2 AVENUE 10028,40.7745281,-73.9545117
318 VAN BRUNT STREET 11231,40.6791536,-74.0110768
513 FASHION AVE 10018,40.7531545,-73.98868569999999
27-39 EAST 30 STREET 10016,40.7451987,-73.9841411
3301 GREENPOINT AVENUE 11101,40.7356957,-73.93468589999999
116 FORSYTH ST 10002,40.7191233,-73.9921624
3341 BROADWAY 10031,40.8204466,-73.9553624
155 YORK STREET 11201,40.7015799,-73.98454509999999
161 MALCOLM X BLVD 10026,40.8035949,-73.9490012
3906 1/2 64TH ST 11377,40.7462706,-73.90005699999999
162 AVE B 10009,40.7271387,-73.97986929999999
2108 GRAND CONCOURSE 10457,40.8544024,-73.9015773
67 SAINT NICHOLAS AVE 10026,40.80134899999999,-73.952939
160 EAST   64 STREET 10065,40.7650564,-73.96570439999999
424 WEST   33 STREET 10001,40.75304999999999,-73.998131
230 7 AVENUE 10011,40.7445283,-73.99569749999999
1909 CONEY ISLAND AVE 11230,40.6108618,-73.9623065
650 FOREST AVENUE 10310,40.6295647,-74.1107786
29 EAST   20 STREET 10003,40.739068,-73.9889649
6924 5 AVENUE 11209,40.6329941,-74.02141689999999
570 LEXINGTON AVE 10022,40.7571519,-73.9726033
945 2 AVENUE 10022,40.7551309,-73.9687005
93 3RD AVE 10003,40.732144,-73.9876029
796A FRANKLIN AVE 11238,40.67123480000001,-73.9579825
242-244 EAST   79 STREET 10075,40.7734448,-73.9556887
4010 82ND ST 11373,40.7472751,-73.8840007
265 WEST   23 STREET 10011,40.7451895,-73.9977061
25 WEST HOUSTON STREET 10012,40.725675,-73.99792409999999
3058 STEINWAY ST 11103,40.7625789,-73.9164157
100 WILLOUGHBY ST 11201,40.6919391,-73.9845769
233 BROADWAY 10279,40.7126253,-74.00821069999999
673 ATLANTIC AVE 11217,40.6832169,-73.9734259
55 WEST   35 STREET 10001,40.7502718,-73.9863524
15417 ROOSEVELT AVENUE 11354,40.7641761,-73.8102181
60 HANCOCK STREET 10305,40.5887642,-74.09517389999999
5204 8TH AVE 11220,40.6399625,-74.0052121
101 MAIDEN LANE 10038,40.7069666,-74.0066697
833 UNION STREET 11215,40.6749774,-73.9762033
496 E 161ST ST 10451,40.8231766,-73.9109513
3441 JEROME AVENUE 10467,40.8814194,-73.8831998
6420 17 AVENUE 11204,40.6208002,-73.9924705
118 WEST   57 STREET 10019,40.7644999,-73.9783542
14471451 SAINT NICHOLAS AVENUE 10033,40.8486299,-73.9342565
1254 LEXINGTON AVENUE 10028,40.7786665,-73.9564863
85 PEARL STREET 10004,40.7041613,-74.0101344
0 CHELSEA PIERS - PIER 61 10011,40.747577,-74.0086437
2818 AVENUE K 11210,40.6239252,-73.9476006
3033 TIBBETT AVE 10463,40.8804251,-73.90901319999999
202 WEST FORDHAM ROAD 10468,40.8623063,-73.9094131
8777 SUTPHIN BLVD 11435,40.7051606,-73.8092419
712 3 AVENUE 10017,40.7525325,-73.9733874
1 STATION SQUARE 11375,40.7189633,-73.84519399999999
1090 AMSTERDAM AVE 10025,40.8054543,-73.96247869999999
1500 BROADWAY 10036,40.7567877,-73.9856659
240 EAST  198 STREET 10458,40.8691518,-73.8896161
8334 BROADWAY 11373,40.7402575,-73.8793003
688 10 AVENUE 10019,40.7634599,-73.9923001
701 8TH AVE 10036,40.758762,-73.988993
695 10 AVENUE 10036,40.763222,-73.993262
159 FRANKLIN STREET 11222,40.7318674,-73.9582222
26 BROADWAY 11249,40.7103553,-73.9678051
110 BEDFORD AVENUE 11211,40.720057,-73.9556054
52 GREENWICH AVENUE 10011,40.735784,-74.0003918
19919 32ND AVE 11358,40.7699115,-73.7895434
2454 E TREMONT AVE 10461,40.842426,-73.851291
61 READE STREET 10007,40.714805,-74.006577
316 BOWERY 10012,40.7251995,-73.99252969999999
135 N 5TH ST 11249,40.7170042,-73.9590803
3767 74TH ST 11372,40.7471137,-73.89122560000001
973 COLUMBUS AVE 10025,40.8002891,-73.96181279999999
8028 COOPER AVENUE 11385,40.7094364,-73.8690515
10718 70 ROAD 11375,39.2871866,-121.5945331
3566 93RD ST 11372,40.750985,-73.87436900000002
225 ELLIS ST 10307,40.5152431,-74.24861849999999
1460 FLATBUSH AVE 11210,40.6350019,-73.9503674
1111 PENNSYLVANIA AVENUE 11207,40.6540192,-73.8866531
141 MULBERRY STREET 10013,40.7188558,-73.9979012
380 FLUSHING AVE 11205,40.6983493,-73.959135
8110 BROADWAY 11373,40.7431242,-73.88370410000002
209 E 56TH ST 10022,40.7593855,-73.9671393
391 JAY STREET 11201,40.6919133,-73.98707770000001
69 7 AVENUE SOUTH 10014,40.7322097,-74.00337499999999
5226 CHURCH AVENUE 11203,40.6521334,-73.9277011
252 EAST   77 STREET 10075,40.7720822,-73.95665199999999
52 VANDERBILT AVENUE 10017,40.7543343,-73.9773555
10807 72 AVENUE 11375,40.71964699999999,-73.8425882
9 SAINT MARKS PLACE 10003,40.7294283,-73.9891322
75 SAINT MARKS PL 10003,40.7279744,-73.98568879999999
1928 3 AVENUE 10029,40.7918981,-73.9446397
180 COLUMBUS AVE 10023,40.775067,-73.98087199999999
85 5 AVENUE 11217,40.6800052,-73.9778376
10811 CORONA AVENUE 11368,40.7431179,-73.8545068
254 W 54th St 10019,40.7644372,-73.9837543
664 6 AVENUE 10010,40.7412453,-73.99371190000001
2270 2ND AVE 10035,40.7972942,-73.93724499999999
15722 NORTHERN BLVD 11354,40.7634297,-73.8076091
390 PARK AVENUE 10022,40.7597285,-73.97294769999999
3725 74 STREET 11372,40.7482262,-73.8915698
345 AMSTERDAM AVE 10024,40.7813884,-73.979312
19 HYATT ST 10301,40.6420651,-74.07707649999999
960 BLOOMINGDALE ROAD 10309,40.5495059,-74.22128
74A WESTERVELT AVE 10301,40.6458155,-74.0862039
13208 CROSSBAY BOULEVARD 11417,40.6764737,-73.8441198
698 ALLERTON AVENUE 10467,40.8652553,-73.867592
1 W. 58TH STREET 10019,40.7642202,-73.9742747
25001 NORTHERN BOULEVARD 11362,40.7683694,-73.7374703
101 ST MARKS PLACE 10009,40.727441,-73.98431699999999
494 4TH AVE 11215,40.6687581,-73.9904292
125 NORTH 6 STREET 11249,40.7180107,-73.9591725
25 W 37TH ST 10018,40.7512251,-73.9846788
19007 109TH RD 11412,40.7035561,-73.76629849999999
468 HUDSON STREET 10014,40.7318996,-74.006412
23 SMITH ST 11201,40.6908395,-73.9876969
9898 QUEENS BLVD 11374,40.7271197,-73.85498539999999
1215 EAST GUN HILL ROAD 10469,40.8730559,-73.85196839999999
3904 UNION STREET 11354,40.7607984,-73.8269499
1600 BRUCKNER BOULEVARD 10473,40.82306550000001,-73.87438039999999
3710 114 STREET 11368,40.7545194,-73.85417369999999
1326 NEWKIRK AVE 11230,40.6348046,-73.9642973
417 3RD AVE 10016,40.7425959,-73.9799038
19212 NORTHERN BLVD 11358,40.7576262,-73.7888541
5100 KINGS PLAZA 11234,40.6100471,-73.92004969999999
1814 2 AVENUE 10128,40.7827162,-73.9478073
152 METROPOLITAN AVENUE 11249,40.7158702,-73.96218019999999
1 W 58TH STREET 10019,40.7642202,-73.9742747
9 EAST   16 STREET 10003,40.7371448,-73.9916803
424 WEST   43 STREET 10036,40.759458,-73.9933331
691 BAY ST 10304,40.6252069,-74.0746695
1 GREENE AVE 11238,40.6860496,-73.9731968
2446 BROADWAY 10024,40.7909801,-73.9740443
709 FRANKLIN AVENUE 11238,40.674394,-73.9562906
50 EAST   87 STREET 10128,40.7811222,-73.9578868
52 7TH AVE 11217,40.6761031,-73.9745777
220-34 JAMAICA AVENUE 11428,40.7191975,-73.7332141
11701 GY BREWER BLVD 11434,40.6843195,-73.7827801
92 E BROADWAY 10002,40.7139845,-73.9936653
2340 CONEY ISLAND AVENUE 11223,40.5999049,-73.9615718
18 WYCKOFF AVE 11237,40.7063437,-73.9229162
339 EAST   75 STREET 10021,40.7701183,-73.95497089999999
124 EAST    4 STREET 10003,40.7252237,-73.9878008
5922-24 AVENUE N 11234,40.619304,-73.917478
1 WEST    3 STREET 10012,40.7280068,-73.99492339999999
2334 2 AVENUE 10035,40.7992828,-73.93577549999999
1695 BROADWAY 11207,40.683918,-73.9117785
2130 WHITE PLAINS ROAD 10462,40.8542606,-73.86747299999999
247 VARET STREET 11206,40.704254,-73.934175
876 4 AVENUE 11232,40.6568237,-74.0022281
146 W 72ND ST 10023,40.7778955,-73.980581
1506 ELM AVENUE 11230,40.6177578,-73.95972359999999
119 1ST AVE 10003,40.7272603,-73.9858266
11 PENN PLAZA 10001,40.7492997,-73.9914857
6419 108 STREET 11375,40.7325642,-73.8491177
210 E 41ST ST 10017,40.7497279,-73.974412
478 EAST TREMONT AVENUE 10457,40.8467914,-73.8977422
35 JANE STREET 10014,40.73834,-74.00432839999999
673 MADISON AVENUE 10065,40.764878,-73.970292
302 METROPOLITAN AVE 11211,40.7143994,-73.95798100000002
674 E 180TH ST 10457,40.8482372,-73.8892558
257 PARK AVE S 10010,40.7386232,-73.9871351
324 7 AVENUE 10001,40.747502,-73.99354799999999
1350 SHAKESPEARE AVE 10452,40.8406933,-73.9220223
3519 DITMARS BLVD 11105,40.774609,-73.908095
50 HAVEN AVENUE 10032,40.8433486,-73.943136
10708 70 ROAD 11375,40.7207511,-73.8454959
18301 HORACE HARDING EXPY 11365,40.74012,-73.791185
9117 ROCKAWAY BEACH BLVD 11693,40.58644899999999,-73.815105
24 WEST   56 STREET 10019,40.7627089,-73.9759419
6 PENNYFIELD AVE 10465,40.8092024,-73.8010583
2002 3RD AVE 10029,40.7941274,-73.94316909999999
462 1ST AVE 10016,40.7390642,-73.9750139
2580 CONEY ISLAND AVENUE 11223,40.5939451,-73.9611585
146 WEST HOUSTON STREET 10012,40.7281815,-74.0018494
168 EAST  174 STREET 10457,40.8447202,-73.9090363
2973 EAST TREMONT AVENUE 10461,40.8411087,-73.8393103
570 HENRY ST 11231,40.6816723,-74.00082789999999
401 AVENUE P 11223,40.6091067,-73.97256190000002
13628 39TH AVE 11354,40.760337,-73.8290869
99 RIVINGTON ST 10002,40.71988959999999,-73.9885666
145 4TH AVE 10003,40.733988,-73.98959479999999
1135 1ST AVE 10026,40.7618504,-73.9606096
2238 BATH AVENUE 11214,40.5976552,-73.9963257
222 7TH AVE 11215,40.6703768,-73.97895199999999
9465 CORONA AVE 11373,40.74230850000001,-73.8677227
401 EAST   20 STREET 10010,40.7349974,-73.9793904
2121 3RD AVE 10029,40.797679,-73.9399105
644 SACKETT ST 11217,40.67816699999999,-73.983603
3402 UNION STREET 11354,40.7667909,-73.82765979999999
19012 HILLSIDE AVE 11423,40.7156633,-73.77137479999999
59 READE STREET 10007,40.7147625,-74.0066238
5602 11 AVENUE 11219,40.6337418,-74.0009541
2357 ARTHUR AVENUE 10458,40.854849,-73.88854789999999
35 LISPENARD ST 10013,40.7199974,-74.00350209999999
200 7 AVENUE 10011,40.7432528,-73.99663869999999
201 WEST   83 STREET 10024,40.78598119999999,-73.97672659999999
1262 MYRTLE AVENUE 11221,40.6977546,-73.92680849999999
4602 SKILLMAN AVENUE 11104,40.746409,-73.917857
2294 BEDFORD AVENUE 11226,40.6477571,-73.9559811
10822 QUEENS BOULEVARD 11375,40.7181325,-73.8370728
552 LAGUARDIA PLACE 10012,40.7291553,-73.9982843
117 DYCKMAN ST 10040,40.8623011,-73.9249703
2478 CONEY ISLAND AVE 11223,40.5965265,-73.9614998
1555 LEXINGTON AVE 10029,40.7879132,-73.9490931
1070 CYPRESS AVE 11385,40.696653,-73.900767
528 CLARKSON AVENUE 11203,40.6556943,-73.9421249
29 NORMAN AVE 11222,40.7246788,-73.9548791
3470 BOSTON RD 10469,40.8764471,-73.84771909999999
7112 13 AVENUE 11228,40.6223853,-74.0055679
350 HUDSON STREET 10014,40.72766470000001,-74.0067845
8920 ATLANTIC AVE 11416,40.6861502,-73.8516927
347478 EAST TREMONT AVENUE 10465,40.823224,-73.81927499999999
2 EAST   55 STREET 10022,40.7613979,-73.9746128
2968 JEROME AVE 10468,40.872931,-73.8893588
7009 AUSTIN STREET 11375,40.721023,-73.8466183
1816 HYLAN BLVD 10305,40.5846595,-74.0935987
4863 BROADWAY 10034,40.8668681,-73.9239719
680 8 AVENUE 10036,40.757863,-73.98867
657 MYRTLE AVENUE 11205,40.6946181,-73.95749649999999
213 NORTH    8 STREET 11211,40.7172592,-73.9551087
54 W 14TH ST 10011,40.7367762,-73.9962943
181 WEST   10 STREET 10014,40.7344781,-74.0026183
162 E 37TH ST 10016,40.74762339999999,-73.9773211
411 AMSTERDAM AVENUE 10024,40.78348580000001,-73.9777797
1685 1ST AVE 10128,40.7779554,-73.9490472
788 UNION STREET 11215,40.6746896,-73.9765979
13849 QUEENS BLVD 11435,40.7078826,-73.8174404
2412 STEINWAY STREET 11103,40.7687837,-73.9111988
163 E 52ND ST 10022,40.75736260000001,-73.9703018
6145 188 STREET 11365,40.7395806,-73.7856486
108 STANTON ST 10002,40.7212393,-73.9874794
498 E 138TH ST 10454,40.807464,-73.919749
100 CHURCH STREET 10007,40.713174,-74.0102115
107109 AVENUE C 10009,40.7278553,-73.97611859999999
5024 SKILLMAN AVENUE 11377,40.7458604,-73.9135648
3682A NOSTRAND AVENUE 11229,40.5942802,-73.9409878
84 WILLIAM ST 10038,40.7080047,-74.0077256
7102 KISSENA BLVD 11367,40.7295051,-73.8154624
937 UTICA AVE 11203,40.6502706,-73.929897
877 10TH AVE 10019,40.7694342,-73.9886886
2012 BROADWAY 10023,40.7758565,-73.9817635
4814 BROADWAY 11103,40.7556058,-73.912289
889 HUNTS POINT AVE 10474,40.8188885,-73.8895737
1613 2ND AVE 10028,40.776437,-73.95312349999999
151 DYCKMAN ST 10040,40.86347019999999,-73.9256718
1077 BERGEN ST 11216,40.676359,-73.950424
1026 CASTLE HILL AVENUE 10472,40.8282314,-73.8498549
139 E 45TH ST 10017,40.7532541,-73.9739666
1024 AMSTERDAM AVENUE 10025,40.8033908,-73.96392089999999
168 DRIGGS AVE 11222,40.7231205,-73.9452816
968 6 AVENUE 10018,40.7506692,-73.9867448
3915 9 AVENUE 11232,40.6454641,-73.99536239999999
481 8 AVENUE 10001,40.752646,-73.993338
3081 CROPSEY AVENUE 11224,40.5802948,-73.98524119999999
738 FLATBUSH AVENUE 11226,40.6549662,-73.9598948
311 WEST   43 STREET 10036,40.758395,-73.9899361
126 UTICA AVE 11213,40.6746419,-73.9308041
6805 NEW UTRECHT AVE 11219,40.62095770000001,-73.9982225
1916 AVENUE U 11229,40.5991266,-73.95207789999999
19421944 CONEY ISLAND AVENUE 11223,40.5982958,-73.9611846
240 W 35TH ST 10001,40.7520943,-73.9920231
585 VETERANS RD W 10309,40.5485265,-74.221899
7928 PARSONS BOULEVARD 11366,40.72037359999999,-73.80950159999999
9300 5TH AVE 11209,40.6168992,-74.0304476
1772 RALPH AVENUE 11236,40.6333335,-73.919421
151 REMSEN STREET 11201,40.6936785,-73.99223150000002
5718 MYRTLE AVENUE 11385,40.7003512,-73.90300959999999
134 READE STREET 10013,40.7165628,-74.00951599999999
967 E 167TH ST 10459,40.8270154,-73.89131549999999
3 MADISON ST 10038,40.7117507,-74.0005522
4324 43RD AVE 11104,40.7449525,-73.9204589
939 2 AVENUE 10022,40.7548515,-73.9688863
480 3 AVENUE 10016,40.744981,-73.9790314
88 FULTON STREET 10038,40.709189,-74.005899
1957 86 STREET 11214,40.6052522,-73.99885379999999
2144 86TH ST 11214,40.6023542,-73.99515199999999
3412 31ST AVE 11106,40.7628016,-73.92079249999999
352 WEST   39 STREET 10018,40.7562072,-73.9936774
401 E 13TH ST 10009,40.730586,-73.98273499999999
7106 BAY PARKWAY 11204,40.6105469,-73.9853672
392 5 AVENUE 11215,40.6708183,-73.9851956
7272 MAIN STREET 11367,40.724751,-73.8211792
11 WEST 17 STREET 10011,40.7384828,-73.9928759
17016A HILLSIDE AVE 11432,40.7110722,-73.7913818
634 WEST  207 STREET 10034,40.8682519,-73.9218818
658 ROGERS AVE 11226,40.6554064,-73.95322589999999
377 BEACH   92 STREET 11693,40.5889163,-73.81716209999999
205 WEST   50 STREET 10019,40.7613731,-73.98357779999999
185 WEST   32 STREET 10001,40.7497984,-73.9911664
527 6 AVENUE 10011,40.7373012,-73.9971504
3027 STRATTON STREET 11354,40.7694132,-73.8340838
18 BEDFORD AVENUE 11222,40.7237419,-73.9516416
10510 CROSSBAY BLVD 11417,40.67991,-73.844915
75 9 AVE 10011,40.7419634,-74.0049148
151 W 34TH ST 10001,40.7508025,-73.98948349999999
810 GRAND ST 11211,40.7117104,-73.941051
360 7TH AVE 10001,40.748464,-73.9926869
8906 NORTHERN BOULEVARD 11372,40.7560589,-73.87854229999999
3619 24TH AVE 11103,40.7702312,-73.9124798
25 WEST   51 STREET 10019,40.759989,-73.9782342
1294 WESTCHESTER AVE 10459,40.8272621,-73.8865165
5506 8TH AVE 11220,40.6382584,-74.007037
11 DOYERS STREET 10013,40.7144578,-73.9982591
17227 HILLSIDE AVE 11432,40.71228199999999,-73.789442
563 SENECA AVENUE 11385,40.704815,-73.910658
355 ROGERS AVE 11225,40.6647514,-73.9535703
3257 WHITE PLAINS ROAD 10467,40.87300219999999,-73.8673117
6535 GRAND AVE 11378,40.7237901,-73.8998592
1410 AVENUE U 11229,40.5985349,-73.95689949999999
1 PENN PLAZA 10119,40.751389,-73.993056
246 3 AVENUE 10010,40.7372057,-73.984638
3018 MERMAID AVE 11224,40.574991,-73.99692399999999
321 W 35TH ST 10001,40.75347,-73.99383499999999
450 5TH AVE 11215,40.6691015,-73.9867428
2301 FLATBUSH AVENUE 11234,40.6142036,-73.92711849999999
47 EAST   29 STREET 10016,40.7442841,-73.98397860000001
679 FLATBUSH AVE 11225,40.6567183,-73.9599417
647 E TREMONT AVE 10457,40.8459441,-73.891821
1 UNITED NATIONS PLAZA 10017,40.7504266,-73.96913669999999
470 W 23RD ST 10011,40.7474035,-74.00406439999999
1381 EAST GUNHILL ROAD 10469,40.8703011,-73.8452374
171 W 4TH ST 10014,40.7323332,-74.0014255
23306 MERRICK BLVD 11422,40.6746256,-73.7367665
990 6 AVENUE 10018,40.7513825,-73.9862318
557 KINGS HIGHWAY 11223,40.6048159,-73.9688132
9203 37TH AVE 11372,40.75087389999999,-73.87484309999999
512 AVENUE U 11223,40.5975955,-73.9663587
522 COLUMBUS AVENUE 10024,40.786044,-73.9727092
1113 BEDFORD PARK BOULEVARD 10468,40.8727491,-73.8887439
2530 VICTORY BOULEVARD 10314,40.60955209999999,-74.1477139
128 FRANKLIN ST 11222,40.7293039,-73.9572669
61 GROVE STREET 10014,40.7333321,-74.0033184
729 E TREMONT AVE 10457,40.845171,-73.8900294
2 4TH PL 11231,40.6786839,-74.0018319
9504 37 AVENUE 11372,40.7510134,-73.8720256
11725 FARMERS BOULEVARD 11412,40.6908042,-73.76198939999999
368 COLUMBUS AVENUE 10024,40.7809654,-73.97646019999999
987 1ST AVE 10022,40.7566145,-73.9644761
186 AVENUE A 10009,40.728816,-73.9812812
75-10A JAMAICA AVENUE 11421,40.691237,-73.866091
6024 18TH AVE 11204,40.6216645,-73.9879959
679 RIVERSIDE DR 10031,40.8264806,-73.9560005
14646 LIBERTY AVENUE 11435,40.69563429999999,-73.8048471
2403 CAMBRELENG AVE 10458,40.8547511,-73.8853877
944 8 AVENUE 10019,40.7657431,-73.98318130000001
141 EAST   44 STREET 10017,40.7527018,-73.9744492
235 WEST   46 STREET 10036,40.75964949999999,-73.9873314
5401 4 AVENUE 11220,40.64398449999999,-74.0147288
214 EAST   10 STREET 10003,40.7293229,-73.9859834
3944 21ST ST 11101,40.7556062,-73.941215
452 TOMPKINS AVE 10305,40.6145327,-74.0730112
146 BROADWAY 11211,40.7100002,-73.96353420000001
94 AVENUE A 10009,40.7254892,-73.9836739
208 MERCER STREET 10012,40.7266024,-73.996582
1972 RALPH AVENUE 11234,40.6292666,-73.9188285
4003 149TH PL 11354,40.7633417,-73.8150143
773 58TH ST 11220,40.6370178,-74.0085991
9519 ROCKAWAY BEACH BLVD 11693,40.5852085,-73.8178721
554 WEST   48 STREET 10036,40.7642496,-73.9951466
1634 EASTCHESTER ROAD 10461,40.84509600000001,-73.8448239
333 KINGSTON AVENUE 11213,40.6678289,-73.9421244
1045 1/2 WESTCHESTER AVENUE 10459,40.8246135,-73.89239740000001
345 EAST   83 STREET 10028,40.7753307,-73.95120539999999
688 COLUMBUS AVENUE 10025,40.7912788,-73.96907999999999
582 LIBERTY AVE 11207,40.6754874,-73.8883642
3845 BROADWAY 10032,40.8362924,-73.94361669999999
7811 ROOSEVELT AVENUE 11372,40.7475023,-73.887055
735 CASTLETON AVENUE 10310,40.6348515,-74.10743289999999
4 METROTECH CTR 11245,40.6933541,-73.9838359
9011 3RD AVE 11209,40.62063699999999,-74.0318942
4930 20TH AVE 11204,40.6255427,-73.9769282
127 JOHN STREET 10038,40.70744029999999,-74.0048334
5324 8 AVENUE 11220,40.63911299999999,-74.006176
111 RIVINGTON STREET 10002,40.719773,-73.98794699999999
80 PINE STREET 10005,40.7059607,-74.0067715
55 STONE STREET 10004,40.7044393,-74.0103657
205 EAST   81 STREET 10028,40.77560140000001,-73.9559819
547 LENOX AVE 10037,40.8158311,-73.9400198
1435 1ST AVE 10021,40.7694688,-73.9550072
266 CARLTON AVENUE 11205,40.6897577,-73.9723789
223 E 14TH ST 10003,40.73309099999999,-73.98610200000002
1099 1ST AVE 10065,40.7604931,-73.96162919999999
803 WASHINGTON STREET 10014,40.7389737,-74.0078394
2414 34 AVENUE 11106,40.7613426,-73.9312881
159 WEST   33 STREET 10001,40.7503937,-73.99078899999999
451 CARROLL STREET 11215,40.6775859,-73.9872039